ID,Japanese name,English name,Category,Start date,End date
M000049509,満腹Lおかわりrice,Full L Refill rice,16,2007-04-16,2099-12-31
M000049510,満腹Lおかわり大rice,Full L Large refill of rice,16,2007-04-16,2099-12-31
M000049511,満腹Lおかわり半rice,Full L Refill and half rice,16,2007-04-16,2099-12-31
M000049662,rice,Rice,7,2007-04-16,2099-12-31
M000049663,大盛rice,Large serving of rice,7,2007-04-16,2099-12-31
M000049664,半rice,Half rice,7,2007-04-16,2099-12-31
M000049779,滲鶏湯,Broth chicken soup,12,2007-04-16,2099-12-31
M000049873,ﾄﾞﾘﾝｸﾊﾞｰ,Drink bar,40,2007-04-16,2099-12-31
M000049877,小人ﾄﾞﾘﾝｸﾊﾞｰ,Dwarf drink bar,40,2007-04-16,2099-12-31
M000050475,酒酎ﾊｲ,Alcohol Chochu high,4,2007-04-16,2099-12-31
M000050494,酒ｼｰｸﾜｰｻｰｻﾜｰ,Alcohol  Sour Sour,4,2007-04-16,2099-12-31
M000050533,酒ｸﾞﾗｽﾜｲﾝ赤,Alcohol Glass wine red,4,2007-04-16,2099-12-31
M000050536,酒ｸﾞﾗｽﾜｲﾝ白,Alcohol Glass wine white,4,2007-04-16,2099-12-31
M000050539,酒ｶﾗﾌｪﾜｲﾝ赤,Alcohol  Carafe Wine red,4,2007-04-16,2099-12-31
M000050542,酒ｶﾗﾌｪﾜｲﾝ白,Liquor  Carafe Wine white,4,2007-04-16,2099-12-31
M000050547,酒上撰 松竹梅,Sake  Selected Shochikubai,4,2007-04-16,2099-12-31
M000050553,酒ﾏｯｺﾘ草家,Sake  Makkori Soya,4,2007-04-16,2099-12-31
M000050554,酒眞露ﾊｰﾌﾎﾞﾄﾙ,Sake Shinro Half Bottle,4,2007-04-16,2099-12-31
M000050556,酒眞露ﾁｬﾐｽﾙ,Alcohol Shinro Chamise,4,2007-04-16,2022-10-27
M000050561,生ﾚﾓﾝ1/2,Fresh lemon 1/2,4,2007-04-16,2099-12-31
M000050562,生ｸﾞﾚｰﾌﾟﾌﾙｰﾂ1/2,Raw grape fruit 1/2,4,2007-04-16,2099-12-31
M000050565,酒麦一番札ｸﾞﾗｽ,Alcohol Wheat Ichibanfu Glass,4,2007-04-16,2099-12-31
M000050575,酒芋黒甕 ｸﾞﾗｽ,Sake Potato Black jar glass,4,2007-04-16,2099-12-31
M000050576,酒芋･ﾎﾞﾄﾙ黒甕,Sake  Potato / Bottle Black jar,4,2007-04-16,2099-12-31
M000050577,酒紫蘇鍛高譚ｸﾞﾗｽ,Sake Shiso Tankotan Glass,4,2007-04-16,2099-12-31
M000050578,酒紫蘇･ﾎﾞﾄﾙ鍛高譚,Sake Shiso・Bottle Tankotan,4,2007-04-16,2099-12-31
M000050580,七輪房aﾎｯﾋﾟｰ瓶,Shichiwabo a Hoppy bottle,4,2007-04-16,2099-12-31
M000050643,物販ｷﾑﾁ,Product sales Kimchi,23,2007-04-16,2022-10-27
M000050645,物販ｷｬﾝﾃﾞｨｰ,Product sales candy,23,2007-04-16,2099-12-31
M000050646,物販ﾁｮﾚｷﾞ,Product sales Choregi,23,2007-04-16,2099-12-31
M000050652,物販焼肉つけだれ,Merchandise yakiniku dipping sauce,23,2007-04-16,2099-12-31
M000050653,物販焼肉塩ﾀﾞﾚ,Merchandise Yakiniku Salt Sauce,23,2007-04-16,2099-12-31
M000050754,酒梅酒ﾛｯｸ,SakePlum wine rock,4,2007-04-16,2099-12-31
M000050789,物販韓国のり,Product sales Korean glue,23,2007-04-16,2099-12-31
M000051058,子）ｷｯｽﾞｾｯﾄ,Child Kids set,17,2007-07-05,2099-12-31
M000051154,酒眞露ﾌﾙﾎﾞﾄﾙ,Sake Jinro full bottle,4,2007-06-01,2099-12-31
M000051323,ｺﾑﾀﾝｸｯﾊﾟ,Comm tanker,7,2007-04-16,2099-12-31
M000051818,Lﾊﾞﾆﾗｱｲｽ,L Vanilla ice cream,16,2007-04-16,2099-12-31
M000052344,ﾜｶﾒｽｰﾌﾟ,Wakame soup,8,2007-04-16,2099-12-31
M000052439,Lまんぷくﾗﾝﾁ,L Manpuku Ranch,16,2007-04-16,2099-12-31
M000052538,半riceｾｯﾄ,Half rice set,7,2007-04-16,2099-12-31
M000052539,riceｾｯﾄ,rice set,7,2007-04-16,2099-12-31
M000052540,大riceｾｯﾄ,Large rice set,7,2007-04-16,2099-12-31
M000052748,飲み放題男,All you can drink male,4,2007-12-01,2099-12-31
M000052749,飲み放題女,All you can drink female,4,2007-12-01,2099-12-31
M000052754,ﾄﾞﾘﾝｸOV,Drink OV,40,2007-11-01,2099-12-31
M000052761,茨城ﾄﾞﾘﾝｸﾊﾞｰ,Ibaraki drink bar,40,2007-11-01,2099-12-31
M000052913,小人ﾄﾞﾘﾝｸOV,Midget Drink OV,40,2007-11-01,2099-12-31
M000052983,ｵｲｷﾑﾁs,Oikimuchis,11,2008-01-18,2099-12-31
M000052994,ﾆﾝﾆｸ焼,Grilled garlic,27,2008-01-18,2099-12-31
M000052997,玉ﾈｷﾞ焼,Grilled onion,27,2008-01-18,2022-08-31
M000053006,ｺﾑﾀﾝｽｰﾌﾟ,Comtan soup,8,2007-04-16,2099-12-31
M000053054,ﾊﾞﾆﾗｱｲｽ,Vanilla ice cream,6,2007-04-16,2099-12-31
M000053055,和風きなこﾊﾞﾆﾗｱｲｽ,Japanese-style soybean vanilla ice cream,6,2007-04-16,2099-12-31
M000053056,ｱｲｽ石焼ﾌﾞﾘｭﾚ,Ice stone grilled brulee,6,2007-04-16,2099-12-31
M000053166,ﾜｶﾒｽｰﾌﾟ,Wakame soup,7,2007-04-16,2099-12-31
M000053167,野菜ｽｰﾌﾟ,Vegetable soup,7,2007-04-16,2099-12-31
M000053168,ﾕｯｹｼﾞｬﾝｽｰﾌﾟ,Yuckejan soup,7,2007-04-16,2099-12-31
M000053169,ｶﾙﾋﾞｽｰﾌﾟ,Calbi soup,7,2007-04-16,2099-12-31
M000053170,rice大,Large rice,16,2007-04-16,2099-12-31
M000053177,野菜ｽｰﾌﾟ,Vegetable soup,16,2007-04-16,2099-12-31
M000053178,ﾕｯｹｼﾞｬﾝｽｰﾌﾟ,Yuckejan soup,16,2007-04-16,2022-11-23
M000053179,ｶﾙﾋﾞｽｰﾌﾟ,Calbi soup,16,2007-04-16,2099-12-31
M000053186,飲み放題ﾊﾟｯｸ,All-you-can-drink pack,1,2007-04-16,2022-08-31
M000053187,幹事飲み放題,All-you-can-drink for the secretary,1,2007-04-16,2099-12-31
M000053190,水割り,with water,1,2007-04-16,2099-12-31
M000053191,お湯割り,Hot water allocation,1,2007-04-16,2099-12-31
M000053192,ｿｰﾀﾞ割り,Soda split,1,2007-04-16,2099-12-31
M000053193,ﾛｯｸ,lock,1,2007-04-16,2099-12-31
M000053194,ｽﾄﾚｰﾄ,straight,1,2007-04-16,2099-12-31
M000053198,ｵﾚﾝｼﾞｼﾞｭｰｽ,Orange juice,1,2007-04-16,2099-12-31
M000053206,ｵﾚﾝｼﾞｼﾞｭｰｽ,Orange juice,1,2007-04-16,2099-12-31
M000053211,塩ﾀﾚ,Salt sauce,1,2007-04-16,2099-12-31
M000053212,ﾀﾚ焼,Tareyaki,1,2007-04-16,2099-12-31
M000053213,岩塩焼,Rock salt grilled,1,2007-04-16,2099-12-31
M000053214,味噌ﾀﾚ,Miso sauce,1,2007-04-16,2099-12-31
M000053216,ﾆﾝﾆｸ塩,Garlic salt,1,2007-04-16,2099-12-31
M000053217,醤油ﾀﾚ,Soy sauce sauce,1,2007-04-16,2099-12-31
M000053218,塩ﾀﾚ,Salt sauce,1,2007-04-16,2099-12-31
M000053221,安楽亭ﾄﾞﾚｯｼﾝｸﾞ,Anrakutei Dressing,1,2007-04-16,2099-12-31
M000053222,なし,none,1,2007-04-16,2099-12-31
M000053223,細麺,thin noodles,1,2007-04-16,2099-12-31
M000053225,ﾐﾆ細麺,Mini thin noodles,1,2007-04-16,2099-12-31
M000053230,rice大盛,Large serving of rice,60,2007-04-16,2099-12-31
M000053234,ﾎｯﾄｺｰﾋｰ,Hot coffee,5,2007-04-16,2099-12-31
M000053236,ｱｲｽﾃｨｰ,Ice tea,5,2007-04-16,2099-12-31
M000053237,ｱｲｽﾐﾙｸﾃｨｰ,Ice milk tea,5,2007-04-16,2099-12-31
M000053240,ｵﾚﾝｼﾞｼﾞｭｰｽ,Orange juice,5,2007-04-16,2099-12-31
M000053243,濃い:ｻﾜｰ,Dark: Sour,1,2007-04-16,2099-12-31
M000053244,0濃:ｻﾜｰ,0 Thick: Sour,1,2007-04-16,2099-12-31
M000053245,ｷﾑﾁ,Kimchi,16,2007-04-16,2099-12-31
M000053352,枝豆,Edamame,10,2008-01-18,2099-12-31
M000053353,韓国のり,Korean seaweed,10,2008-01-18,2099-12-31
M000053412,子供ｾｯﾄﾄﾞﾘﾝｸ,Children's set drink,21,2007-07-05,2099-12-31
M000053413,rice大盛り,Large serving of rice,16,2007-04-16,2099-12-31
M000053421,酒生ﾋﾞｰﾙ中,Alcohol Draft beer medium,4,2008-03-01,2022-11-06
M000053422,酒生ﾋﾞｰﾙ中s,SakeDraft beer mediums,4,2008-03-01,2099-12-31
M000053423,ｸﾞﾗｽ生ﾋﾞｰﾙ330ml,Glass draft beer 330ml,4,2008-03-01,2099-12-31
M000053427,酒ｽｰﾊﾟｰﾄﾞﾗｲ大瓶,Alcohol Super Dry large bottle,4,2008-03-01,2099-12-31
M000053443,Lｻﾗﾀﾞﾊﾞｰ1回取り切り,L Salad bar 1 time cut,41,2008-01-18,2099-12-31
M000053470,ﾎﾟﾃﾄﾌﾗｲ,Potato fries,10,2008-04-24,2099-12-31
M000053483,酒梅酒ｿｰﾀﾞ,SakePlum wine soda,4,2008-04-01,2099-12-31
M000053506,ｻﾗﾀﾞﾊﾞｰ皿,Salad bar plate,41,2008-04-07,2099-12-31
M000053542,ｸﾞﾗｽの数,Number of glasses,1,2008-04-24,2099-12-31
M000053543,水割り,with water,1,2008-04-24,2099-12-31
M000053544,お湯割り,Hot water allocation,1,2008-04-24,2099-12-31
M000053545,ｿｰﾀﾞ割り,Soda split,1,2008-04-24,2099-12-31
M000053546,ﾛｯｸ,lock,1,2008-04-07,2099-12-31
M000053547,水割り,with water,1,2008-04-07,2099-12-31
M000053548,お湯割り,Hot water allocation,1,2008-04-07,2099-12-31
M000053549,冷,cold,1,2008-04-07,2099-12-31
M000053550,燗,warm,1,2008-04-07,2099-12-31
M000053620,ﾎﾃﾙ限定定食,Hotel limited set meal,29,2007-04-16,2099-12-31
M000053621,ﾎﾃﾙ石焼定食,Hotel stone grilled set meal,29,2008-07-15,2099-12-31
M000053634,太麺,thick noodles,1,2007-07-07,2099-12-31
M000053635,ﾐﾆ太麺,Mini thick noodles,1,2007-07-07,2099-12-31
M000053759,お冷,cold,21,2008-04-16,2099-12-31
M000053766,ﾏﾖﾈｰｽﾞ,Mayonnaise,21,2008-06-26,2099-12-31
M000053802,辛さ控えめ,spiciness moderate,21,2008-04-16,2099-12-31
M000053803,辛さ普通,Spicy normal,21,2008-04-16,2099-12-31
M000053804,辛さ辛口,spiciness spicy,21,2008-04-16,2099-12-31
M000053805,辛さ激辛,Spicy extremely spicy,21,2008-04-16,2099-12-31
M000053806,塩焼,Grilled with salt,21,2008-04-16,2099-12-31
M000053807,ﾀﾚ焼,Grilled sauce,21,2008-04-16,2099-12-31
M000053808,お茶,tea,21,2008-04-16,2099-12-31
M000053809,食後ﾃﾞｻﾞｰﾄ,After-meal dessert,21,2008-04-16,2099-12-31
M000053810,冷茶,cold tea,21,2008-04-16,2099-12-31
M000053811,ﾁﾗｼ,Chirashi,21,2008-04-16,2023-03-15
M000053812,HP,HP,21,2008-04-16,2023-03-15
M000053813,mobile,mobile,21,2008-04-16,2023-03-15
M000053814,その他,Others,21,2008-04-16,2023-03-15
M000053863,七輪房ｵﾚﾝｼﾞﾌﾛｰﾄ,Shichiwabo Orange float,5,2008-06-01,2099-12-31
M000053900,豚足,pig's feet,10,2008-10-09,2099-12-31
M000053942,わさび&からし,Wasabi & Mustard,1,2008-10-09,2099-12-31
M000053943,わさび,wasabi,1,2008-10-09,2099-12-31
M000053944,からし,mustard,1,2008-10-09,2099-12-31
M000053973,ﾎﾙﾓﾝMIXﾌﾟﾚｰﾄ,Hormon MIX plate,15,2008-11-01,2022-10-27
M000054601,ﾊﾞﾆﾗ,Vanilla,1,2009-03-05,2099-12-31
M000054602,ﾁｮｺﾚｰﾄ,Chocolate,1,2009-03-05,2099-12-31
M000054603,抹茶,Matcha,1,2009-03-05,2099-12-31
M000054604,ﾗﾑﾈ,Ramune,1,2009-03-05,2099-12-31
M000054907,ﾍﾞﾙｷﾞｰﾁｮｺｱｲｽ,Belgian chocolate ice cream,6,2009-04-13,2099-12-31
M000055026,酒ｸﾞﾗｽ生ﾋﾞｰﾙ240ml,Alcohol Glass draft beer 240ml,4,2009-07-13,2022-10-27
M000055152,お子様用茶碗,Children's bowl,21,2008-04-16,2099-12-31
M000055153,ｷﾑﾁ別盛り,Kimchi extra serving,21,2008-04-16,2099-12-31
M000055154,ﾗﾝﾀﾞﾑ10％,Random 10%,21,2009-08-29,2099-12-31
M000055164,ﾚﾝｼﾞｬｰｱｲｽ,Ranger ice,44,2009-08-29,2099-12-31
M000055173,ﾚﾝｼﾞｬｰおもちゃ,Ranger toy,44,2009-08-29,2099-12-31
M000055174,ﾚﾝｼﾞｬｰﾁｮｺﾊﾟﾌｪ,Ranger chocolate parfait,44,2009-08-29,2099-12-31
M000055175,ﾚﾝｼﾞｬｰﾊﾟﾌｪSP,Ranger Parfait SP,44,2009-08-29,2099-12-31
M000055257,ﾛｲﾔﾙﾐﾙｸﾃｨｰ,Royal Milk Tea,1,2009-10-01,2099-12-31
M000055258,ｲﾁｺﾞﾐﾙｸ,Strawberry milk,1,2009-10-01,2099-12-31
M000055259,ﾗﾑﾚｰｽﾞﾝ,Rum raisin,1,2009-10-01,2099-12-31
M000055276,飲み放題：ｼﾝﾌﾟﾙ,All-you-can-drink: Simple,1,2009-10-13,2099-12-31
M000055277,飲み放題：生ﾋﾞｰﾙ,All-you-can-drink: draft beer,1,2009-10-13,2099-12-31
M000055413,湯引きｾﾝﾏｲ,Boiled senmai,10,2010-01-01,2099-12-31
M000055487,Vrice,Vrice,42,2010-02-15,2099-12-31
M000055488,V大rice,V large rice,42,2010-02-15,2099-12-31
M000055494,Pｷﾑﾁ,P Kimchi,42,2010-02-15,2099-12-31
M000055495,Pｶｸﾃｷ,P Kakuteki,42,2010-02-15,2099-12-31
M000055496,THｵｲｷﾑﾁ,TH,42,2010-02-15,2022-10-27
M000055498,THﾓﾔｼﾅﾑﾙ,TH Moyashinaru,42,2010-02-15,2099-12-31
M000055499,THﾎｳﾚﾝ草ﾅﾑﾙ,TH Spinach nutmeg,42,2010-02-15,2099-12-31
M000055502,TH韓国のり,TH Korean seaweed,42,2010-02-15,2099-12-31
M000055624,ｷｬﾗﾒﾙｸｯｷｰ,Caramel cookie,1,2010-03-08,2099-12-31
M000055705,ｿｰｾｰｼﾞ豚4本,4 sausages pork,15,2010-04-01,2099-12-31
M000055731,V半rice,V Half rice,42,2010-04-09,2099-12-31
M000055801,Fｶﾙﾋﾞ,F Calbi,16,2010-05-29,2099-12-31
M000055815,ﾀﾞﾌﾞﾙﾍﾞﾘｰ,Double Berry,1,2010-05-29,2099-12-31
M000055835,皮付きｵﾚﾝｼﾞS,Orange with skin S,6,2010-06-22,2022-10-27
M000056013,炙り豚足,grilled pork feet,10,2010-09-01,2022-10-27
M000056017,応援ﾄﾞﾘﾝｸ,Support drink,5,2010-09-15,2099-12-31
M000056098,ねぎ塩,green onion salt,21,2007-04-16,2099-12-31
M000056100,上ﾀﾝ塩,Top tongue salt,15,2010-11-01,2099-12-31
M000056102,ねぎ塩上ﾀﾝ,Green onion salted tongue,15,2010-11-01,2099-12-31
M000056106,牛ﾎﾙﾓﾝ,Beef hormon,15,2010-11-01,2099-12-31
M000056107,にんにく醤油,garlic soy sauce,21,2010-11-01,2099-12-31
M000056108,上ﾐﾉ,Upper minor,15,2010-11-01,2099-12-31
M000056109,国産牛ﾎﾙﾓﾝ,Domestic beef hormon,15,2010-11-01,2099-12-31
M000056110,国産豚ﾎﾙﾓﾝ,Domestic pork hormon,15,2010-11-01,2022-10-27
M000056118,豚ｶﾙﾋﾞ,Pork ribs,15,2010-11-01,2099-12-31
M000056146,ｴﾘﾝｷﾞ焼,Erringiyaki,27,2010-11-01,2022-08-31
M000056147,玉ﾈｷﾞ焼,Grilled onion,27,2010-11-01,2099-12-31
M000056149,ｷｬﾍﾞﾂ焼,Grilled cabbage,27,2010-11-01,2022-08-31
M000056182,ﾐﾆ中落ちｶﾙﾋﾞ,Mini Nakaochi Kalbi,15,2010-11-01,2099-12-31
M000056186,ﾐﾆ牛ﾎﾙﾓﾝ,Mini Beef hornmon,15,2010-11-01,2099-12-31
M000056188,ﾐﾆ豚とんとろ,Mini Pork Tontoro,15,2010-11-01,2022-10-27
M000056205,Fﾛｰｽ,F rose,16,2010-11-01,2099-12-31
M000056206,中落ちｶﾙﾋﾞ,Nakaochi Calbi,16,2010-11-01,2099-12-31
M000056208,牛ﾎﾙﾓﾝ,beef hormon,16,2010-11-01,2099-12-31
M000056209,豚ｶﾙﾋﾞ,Pork ribs,16,2010-11-01,2099-12-31
M000056387,賄ｵﾌﾟｼｮﾝ/rice大,Bride option/Large rice,80,2011-02-01,2099-12-31
M000056393,黒毛和牛ｶﾙﾋﾞ&ﾛｰｽ,Kuroge Wagyu beef ribs & roast,14,2011-02-17,2022-07-27
M000056418,杏仁,Almond,1,2011-03-01,2099-12-31
M000056426,ｿﾌﾄﾄﾞﾘﾝｸ,Soft drink,5,2011-04-14,2099-12-31
M000056441,ﾗｿﾌﾄﾄﾞﾘﾝｸ,Ra Soft drink,5,2011-04-14,2099-12-31
M000056520,豚とんとろ,Pork Tontoro,16,2011-06-18,2099-12-31
M000056534,ｵｰﾙﾌﾘｰ,All free,4,2011-06-18,2099-12-31
M000056574,白桃,white peach,1,2011-03-01,2099-12-31
M000056579,賄い/riceｾｯﾄ玉子ｽｰﾌﾟ,Meal/rice set egg soup,80,2011-07-01,2099-12-31
M000056580,賄い/riceｾｯﾄﾕｯｹｼﾞｬﾝS,Meal/rice set Yuckejan S,80,2011-07-01,2099-12-31
M000056581,賄い/riceｾｯﾄﾜｶﾒｽｰﾌﾟ,Meal/rice set wakame soup,80,2011-07-01,2099-12-31
M000056582,賄い/riceｾｯﾄｶﾙﾋﾞｽｰﾌﾟ,Meal/rice set carby soup,80,2011-07-01,2099-12-31
M000056583,賄い/ﾋﾞﾋﾞﾝﾊﾞﾋﾞｰｽ付き,Meals/bibimbap with beads,80,2011-07-01,2099-12-31
M000056584,賄い/石焼ﾋﾞﾋﾞﾝﾊﾞﾋﾞｰｽ付き,Meals/stone-grilled bibimbap with beer,80,2011-07-01,2099-12-31
M000056585,賄い/玉子と野菜のｸｯﾊﾟ,Meal/Egg and vegetable cuppa,80,2011-07-01,2099-12-31
M000056586,賄い/ﾕｯｹｼﾞｬﾝｸｯﾊﾟ,Meals/Yuckage Cuppa,80,2011-07-01,2099-12-31
M000056587,賄い/ｶﾙﾋﾞｸｯﾊﾟ,Meals/Kalbi Kuppa,80,2011-07-01,2099-12-31
M000056588,賄い/玉子ｽｰﾌﾟうどん,Meal/egg soup udon,80,2011-07-01,2099-12-31
M000056589,賄い/ﾕｯｹｼﾞｬﾝｽｰﾌﾟうどん,Meal/Yukkejian soup udon,80,2011-07-01,2099-12-31
M000056590,賄い/ｶﾙﾋﾞｽｰﾌﾟうどん,Meal/Calbi soup udon,80,2011-07-01,2099-12-31
M000056595,賄ｵﾌﾟｼｮﾝ/ｾｯﾄｷﾑﾁ,Bribe option/set Kimchi,80,2011-07-01,2099-12-31
M000056596,賄ｵﾌﾟｼｮﾝ/ｾｯﾄｻﾗﾀﾞ,Bribe option/set salad,80,2011-07-01,2099-12-31
M000056598,賄ｵﾌﾟｼｮﾝ/BB･ｸｯﾊﾟrice大盛,Bribe option/BB cuppa rice large serving,80,2011-07-01,2099-12-31
M000056599,賄い七輪豚ｶﾙﾋﾞ丼/ﾋﾞｰｽ付,Meal Shichirin Pork ribs bowl/Comes with beer,80,2011-08-01,2099-12-31
M000056685,酒ｿｳﾙﾏｯｺﾘｸﾞﾗｽ,Alcohol  Soul Makkori glass,4,2011-09-01,2022-10-27
M000056686,ｿｳﾙﾏｯｺﾘﾃﾞｷｬﾝﾀ,Soul Makkori Dakanta,4,2011-09-01,2099-12-31
M000056741,国産牛上ﾀﾝ塩 s,Domestic beef tongue salt s,15,2011-09-01,2022-09-30
M000056787,Lｷﾑﾁ,L Kimchi,16,2011-09-01,2099-12-31
M000056892,幹各種食べ放題ｺｰｽ,Miki Various all-you-can-eat courses,42,2011-10-25,2099-12-31
M000056905,網交換,net exchange,21,1970-01-01,2099-12-31
M000056977,りんごｻﾜｰ,Apple sour,4,2011-12-19,2099-12-31
M000057047,ﾉﾝｱﾙﾄﾞﾗｲｾﾞﾛ,NonalDryZero,4,2012-02-22,2099-12-31
M000057092,ﾗｿﾌﾄﾄﾞﾘﾝｸ p,Ra Soft drink p,5,2012-03-12,2099-12-31
M000057094,ｼﾞｮｯｷｱｲｽｳｰﾛﾝ茶,Jock Ice cream tea,5,2012-03-12,2099-12-31
M000057095,ｼﾞｮｯｷﾍﾟﾌﾟｼｺｰﾗ,Joy Pepsi Cola,5,2012-03-12,2099-12-31
M000057096,ｼﾞｮｯｷｼﾞﾝｼﾞｬｰｴｰﾙ,Joy Ginger ale,5,2012-03-12,2099-12-31
M000057098,ｼﾞｮｯｷｵﾚﾝｼﾞｼﾞｭｰｽ,JockOrange juice,5,2012-03-12,2099-12-31
M000057099,ｼﾞｮｯｷﾘﾝｺﾞｽｶｯｼｭ,Joy Ringo squash,5,2012-03-12,2099-12-31
M000057100,ｼﾞｮｯｷｱｲｽｺｰﾋｰ,Joy Ice coffee,5,2012-03-12,2099-12-31
M000057101,ｼﾞｮｯｷｱｲｽﾚﾓﾝﾃｨｰ,Jock Ice lemony,5,2012-03-12,2099-12-31
M000057102,ｼﾞｮｯｷｱｲｽﾐﾙｸﾃｨｰ,Joy Ice milk tea,5,2012-03-12,2099-12-31
M000057103,ｱｲｽｳｰﾛﾝ茶,Iced sulfur tea,1,2012-03-12,2022-11-30
M000057104,ﾍﾟﾌﾟｼNEX,Pepsi NEX,1,2012-03-12,2022-10-27
M000057105,ｱｲｽｺｰﾋｰ,Iced coffee,1,2012-03-12,2022-11-30
M000057106,ﾎｯﾄｺｰﾋｰ,Hot coffee,1,2012-03-12,2022-11-30
M000057107,ﾘﾝｺﾞｽｶｯｼｭ,Apple squash,1,2012-03-12,2022-11-30
M000057108,ｵﾚﾝｼﾞｼﾞｭｰｽ,Orange juice,1,2012-03-12,2022-11-30
M000057109,ｼﾞﾝｼﾞｬｰｴｰﾙ,Jinjaael,1,2012-03-12,2022-11-30
M000057111,ｱｲｽﾚﾓﾝﾃｨｰ,Ice lemon tea,1,2012-03-12,2022-11-30
M000057112,ｱｲｽﾐﾙｸﾃｨｰ,Ice milk tea,1,2012-03-12,2022-11-30
M000057150,北海道ｸﾘｰﾑﾁｰｽﾞ,Hokkaido cream cheese,1,2012-03-24,2099-12-31
M000057151,ｶﾍﾞﾙﾈｿｰｳﾞｨﾆｮﾝ,Cabell renaissance,1,2012-03-24,2099-12-31
M000057192,THｷﾑﾁ盛合せ,TH Assorted Kimchi,42,2012-05-12,2022-10-27
M000057217,酒ｳｰﾛﾝﾊｲ ,Alcohol Uron hai,4,2012-05-21,2099-12-31
M000057240,ｸﾘｰﾑｿｰﾀﾞ ,Cream soda,6,2012-05-21,2099-12-31
M000057241,ｺｰﾗﾌﾛｰﾄ s,cola float s,5,2012-05-21,2099-12-31
M000057242,ｺｰﾋｰﾌﾛｰﾄ s,coffee float s,5,2012-05-21,2022-10-27
M000057287,子ﾄﾞﾘﾝｸﾊﾞｰs,Child drink bars,1,2012-06-01,2099-12-31
M000057288,ﾎﾜｲﾄｳｫｰﾀｰs,White water,1,2012-06-01,2099-12-31
M000057289,ﾒﾛﾝｿｰﾀﾞs,Melon soda,1,2012-06-01,2099-12-31
M000057290,ﾍﾟﾌﾟｼｺｰﾗ,Pepsi Cola,1,2012-06-01,2099-12-31
M000057291,子ﾄﾞﾘﾝｸﾊﾞｰs,Child drink bars,1,2012-06-01,2099-12-31
M000057292,ﾎﾜｲﾄｳｫｰﾀｰs,White water,1,2012-06-01,2099-12-31
M000057293,ﾒﾛﾝｿｰﾀﾞs,Melon soda,1,2012-06-01,2099-12-31
M000057294,ﾍﾟﾌﾟｼｺｰﾗ,Pepsi Cola,1,2012-06-01,2099-12-31
M000057295,ﾄﾞﾘﾝｸﾊﾞｰs,drink bars,1,2012-06-01,2099-12-31
M000057296,ｱｲｽｳｰﾛﾝ茶,Iced sulfur tea,5,2012-06-01,2099-12-31
M000057297,ﾍﾟﾌﾟｼｾﾞﾛ,Pepsi Sero,5,2012-06-01,2099-12-31
M000057298,ｱｲｽｺｰﾋｰs,Iced coffee,5,2012-06-01,2099-12-31
M000057299,ﾎﾜｲﾄｳｫｰﾀｰ,White water,5,2012-06-01,2099-12-31
M000057300,ﾒﾛﾝｿｰﾀﾞ,Melon soda,5,2012-06-01,2099-12-31
M000057301,ｱｾﾛﾗｿｰﾀﾞ,Acerola soda,5,2012-06-01,2099-12-31
M000057302,ｼﾞﾝｼﾞｬｰｴｰﾙ,Jinjaael,5,2012-06-01,2099-12-31
M000057351,ｳｰﾛﾝ茶割りs,Uron tea split,1,2012-06-01,2099-12-31
M000057352,割材ｳｰﾛﾝ茶s/540cc,Split wood Oolong tea s/540cc,4,2012-06-01,2099-12-31
M000057353,酒ｴｸｽﾄﾗ生ﾋﾞｰﾙ,Alcohol Extra draft beer,4,2012-06-09,2022-10-27
M000057541,黒烏龍ﾊｲ,Black oolong high,4,2012-07-10,2099-12-31
M000057542,割材黒烏龍茶/540cc,Split wood Black oolong tea/540cc,4,2012-07-10,2099-12-31
M000057580,ﾒﾙﾏｶﾞﾐﾆﾊﾞﾆﾗ,Mail magazine Mini vanilla,6,2012-09-01,2023-04-13
M000057590,Sﾆﾝﾆｸ塩ﾊﾗﾐ,S Harami with garlic salt,42,2012-09-01,2099-12-31
M000057626,Vお箸,V Chopsticks,42,2012-09-01,2099-12-31
M000057627,Vﾄﾝｸﾞ,V Tong,42,2012-09-01,2099-12-31
M000057629,Vﾋﾞｰﾙｸﾞﾗｽ,V Beer glass,4,2012-09-01,2099-12-31
M000057630,Vおしぼり,V Wet towel,42,2012-09-01,2099-12-31
M000057743,酒ｶｼｽｿｰﾀﾞ,Alcohol  Cassis soda,4,2012-09-01,2099-12-31
M000057744,酒ｶｼｽｵﾚﾝｼﾞ,Alcohol  Cassis orange,4,2012-09-01,2099-12-31
M000057768,Sﾕｯｹｼﾞｬﾝｸｯﾊﾟ,S Yukejungpa,42,2012-09-01,2022-08-31
M000057769,Sｶﾙﾋﾞｸｯﾊﾟ,S Kalbikuppa,42,2012-09-01,2022-08-31
M000057771,ｲﾀﾘｱﾝﾏﾛﾝ,Italian Maron,1,2012-09-18,2099-12-31
M000057799,V焼酎ｸﾞﾗｽ,V Shochu glass,4,2012-09-01,2099-12-31
M000057800,Vおちょこ,V Ochoco,4,2012-09-01,2099-12-31
M000057801,V冷酒ｸﾞﾗｽ,V Cold sake glass,4,2012-09-01,2099-12-31
M000057875,酒ﾎｯﾋﾟｰｾｯﾄ,LiquorHoppy set,4,2012-10-27,2099-12-31
M000057877,酒中焼酎,Sake medium shochu,4,2012-10-27,2099-12-31
M000057878,酒外ﾎｯﾋﾟｰ,Outside sake Hoppy,4,2012-10-27,2099-12-31
M000057922,ｸﾞﾗｽ柚子小町,Glass Yuzu Komachi,4,2012-12-01,2099-12-31
M000057923,ﾎﾞﾄﾙ柚子小町,Bottle Yuzu Komachi,4,2012-12-01,2099-12-31
M000057999,予約飲み延長,Reservation Drinking extension,4,2013-01-01,2099-12-31
M000058240,柚子酢ｻﾜｰ,Yuzu vinegar sour,4,2013-05-20,2022-10-27
M000058311,Lﾁｮｺﾊﾞﾆﾗ,L Choco vanilla,16,2013-06-09,2099-12-31
M000058312,Lきなこﾊﾞﾆﾗ,L Kinako vanilla,16,2013-06-09,2099-12-31
M000058313,Lｷｬﾗﾒﾙﾊﾞﾆﾗ,L Caramel vanilla,16,2013-06-09,2099-12-31
M000058314,Lいちごﾊﾞﾆﾗ,L Strawberry vanilla,16,2013-06-09,2099-12-31
M000058315,Lﾁｮｺｱｲｽ,L Choco ice cream,16,2013-06-09,2099-12-31
M000058435,豚とんとろ,Pork Tontoro,15,2013-08-09,2099-12-31
M000058443,酒緑茶ﾊｲ,Alcohol Green tea high,4,2013-08-09,2099-12-31
M000058501,ｼﾞｮｯｷｺｰﾗﾌﾛｰﾄ,Joey cola float,5,2013-09-02,2099-12-31
M000058509,子ﾊﾞﾆﾗ,child vanilla,17,2013-09-16,2099-12-31
M000058510,子ﾁｮｺﾊﾞﾆﾗ,Child Choco vanilla,17,2013-09-16,2099-12-31
M000058511,子いちごﾊﾞﾆﾗ,Child Strawberry vanilla,17,2013-09-16,2099-12-31
M000058512,ﾐﾆｿｰｾｰｼﾞ2本,Mini Sausage 2 pieces,15,2013-09-16,2099-12-31
M000058514,ﾐﾆ豚ｶﾙﾋﾞ,Mini Pork ribs,15,2013-09-16,2099-12-31
M000058577,酒ｼﾞｬｯｸﾊｲﾎﾞｰﾙ,Liquor  Jack Highball,4,2013-11-12,2099-12-31
M000058581,酒ｼﾞｬｯｸﾀﾞﾆｴﾙS,AlcoholJacques Daniel S,4,2013-11-12,2099-12-31
M000058582,酒竹鶴S,Sake Taketsuru S,4,2013-11-12,2022-10-27
M000058583,割材緑茶割り,Split wood Green tea split,4,2013-11-12,2099-12-31
M000058617,鶏もも,chicken thigh,15,2013-03-21,2099-12-31
M000058624,中落ちｶﾙﾋﾞ100Ls,Nakaochi Kalbi 100Ls,16,2013-11-13,2022-08-31
M000058629,中落ちｶﾙﾋﾞ150Ls,Nakaochi Calbi 150Ls,16,2013-11-13,2022-08-31
M000058631,Fｶﾙﾋﾞ150Ls,F Calbi 150Ls,16,2013-11-13,2022-08-31
M000058632,豚ｶﾙﾋﾞ80Ls,Pork ribs 80Ls,16,2013-11-13,2022-08-31
M000058633,Fｶﾙﾋﾞ80Ls,F Calbi 80Ls,16,2013-11-13,2022-08-31
M000058634,豚ｶﾙﾋﾞ150Ls,Pork ribs 150Ls,16,2013-11-13,2022-08-31
M000058635,特盛りﾊﾟﾜｰｶﾙﾋﾞ200Ls,Special Power Calbi 200Ls,16,2013-11-13,2022-08-31
M000058636,和牛ｶﾙﾋﾞ100Ls,Wagyu beef ribs 100Ls,16,2013-11-13,2022-08-31
M000058648,特盛り牛･牛ｶﾙﾋﾞ200Ls,Special beef/beef ribs 200Ls,16,2013-11-13,2022-08-31
M000058649,得々ﾀﾞﾌﾞﾙ120Lﾊﾗﾐs,Tokuto Double 120L Haramis,16,2013-11-13,2022-08-31
M000058650,得々ﾀﾞﾌﾞﾙ120Lﾛｰｽs,Tokutoku double 120L lows,16,2013-11-13,2022-08-31
M000058651,得々ﾀﾞﾌﾞﾙ120L中落ちs,Tokutoku double 120L middle drops,16,2013-11-13,2022-08-31
M000058652,得々ﾀﾞﾌﾞﾙ120L牛ﾎﾙﾓﾝs,Tokutoku double 120L beef horns,16,2013-11-13,2022-08-31
M000058710,黒烏龍割り,Black oolong,1,2013-12-07,2099-12-31
M000058719,芋千夜の夢 ｸﾞﾗｽ,Potato Thousand Nights' Dream Glass,4,2013-12-16,2099-12-31
M000058720,芋･ﾎﾞﾄﾙ千夜の夢,Potato/Bottle Thousand Nights' Dream,4,2013-12-16,2099-12-31
M000058721,麦壱岐SG ｸﾞﾗｽ,Mugi Iki SG Glass,4,2013-12-16,2099-12-31
M000058722,麦･ﾎﾞﾄﾙ壱岐SG,Wheat/Bottle Iki SG,4,2013-12-16,2099-12-31
M000058725,泡盛瑞泉 ｸﾞﾗｽ,Awamori Zuisen Glass,4,2013-12-16,2099-12-31
M000058726,泡盛･ﾎﾞﾄﾙ瑞泉,Awamori/Bottle Zuisen,4,2013-12-16,2099-12-31
M000058727,黒糖里の曙 ｸﾞﾗｽ,Brown sugar Sato no Akebono Glass,4,2013-12-16,2099-12-31
M000058728,黒糖･ﾎﾞﾄﾙ里の曙,Brown sugar/bottle Sato no Akebono,4,2013-12-16,2099-12-31
M000058759,JINROﾄﾞﾗｲ,JINRO dry,4,2014-01-08,2099-12-31
M000058760,ｿﾌﾄﾄﾞﾘﾝｸ・,Soft drinks・,5,2014-01-08,2099-12-31
M000058766,ｺﾞｰｼﾞｬｽ!和牛&ﾊﾗﾐLs,Gorgeous! Wagyu Beef & Harami Ls,16,2014-01-18,2022-08-31
M000058780,牛ﾀﾝ,beef tongue,1,2014-02-03,2099-12-31
M000058781,鶏もも,Chicken thigh,16,2014-02-03,2099-12-31
M000058784,半rice,half rice,16,2014-02-06,2099-12-31
M000058982,ｼﾞｮｯｷｵﾚﾝｼﾞﾌﾛｰﾄ,Jock Orange float,5,2014-06-28,2099-12-31
M000059088,北海道ﾒﾛﾝ,Hokkaido melon,1,2014-08-09,2099-12-31
M000059102,やわらか上ﾛｰｽ,Soft top roast,15,2014-09-05,2022-07-31
M000059148,30分延長500円,30 minutes extension 500 yen,42,2014-09-10,2099-12-31
M000059257,ﾁｮｺﾊﾞﾅﾅｻﾝﾃﾞｰｎ,Chocobanana sandwich,6,2014-12-09,2099-12-31
M000059258,ﾁｮｺﾚｰﾄﾊﾟﾌｪ,Chocolate parfait,6,2014-12-09,2099-12-31
M000059304,杏仁豆腐,Almond tofu,6,2014-12-18,2099-12-31
M000059314,おろしﾎﾟﾝ酢,Grated ponzu vinegar,21,2014-12-18,2099-12-31
M000059321,ﾎｯﾄｸ ﾊﾞﾆﾗｱｲｽ添え,Hot served with vanilla ice cream,6,2014-12-18,2022-10-27
M000059324,ﾌｧﾐﾘｰｶﾙﾋﾞ,Family Calbi,15,2014-12-17,2099-12-31
M000059325,ﾐﾆﾌｧﾐﾘｰｶﾙﾋﾞ,Mini Family Calbi,15,2014-12-17,2099-12-31
M000059326,ねぎ塩ﾌｧﾐﾘｰｶﾙﾋﾞ,Green onion salt family ribs,15,2014-12-17,2099-12-31
M000059329,ﾐﾆﾌｧﾐﾘｰﾛｰｽ,Mini Family Rose,15,2014-12-17,2099-12-31
M000059330,牛ﾊﾗﾐ,Beef harami,15,2014-12-17,2099-12-31
M000059336,子ｶﾚｰｾｯﾄ,Child Curry set,17,2014-12-18,2099-12-31
M000059339,和風ｵﾆｵﾝ,Japanese style online,21,2014-12-18,2022-10-27
M000059340,和牛ﾛｰｽ,Wagyu beef roast,15,2014-12-17,2099-12-31
M000059341,ﾐﾆ和牛ﾛｰｽ,Mini Wagyu beef roast,15,2014-12-17,2099-12-31
M000059387,黒毛和牛ﾌﾟﾚﾐｱﾑﾋﾞｯｸﾞ,Kuroge Wagyu beef premium big,14,2014-12-18,2022-07-27
M000059399,ﾐﾆｻﾗﾀﾞ）,Mini salad,1,2014-12-18,2022-11-23
M000059400,ｷﾑﾁ&ﾐﾆｻﾗﾀﾞ）,Kimchi & Mini Sarada,1,2014-12-18,2022-11-23
M000059401,緑茶割り,with green tea,1,2014-12-18,2099-12-31
M000059406,和風ごま,Japanese style sesame,1,2014-12-18,2099-12-31
M000059416,牛ﾀﾝﾊﾞｰｸﾞ,Beef tanburger,15,2014-12-18,2022-10-27
M000059462,ﾗﾝﾁ定食･ｽｰﾌﾟﾁｪﾝｼﾞ,Lunch set meal/soup change,21,2015-01-16,2022-11-23
M000059464,riceS･ｽｰﾌﾟﾁｪﾝｼﾞn,riceS･soup changen,21,2015-01-16,2099-12-31
M000059465,石焼･ｽｰﾌﾟﾁｪﾝｼﾞ,Stone grill/soap change,21,2015-01-16,2099-12-31
M000059509,ｼｰｻﾞｰ,Caesar,1,2015-02-09,2099-12-31
M000059566,ﾌﾞﾗｯﾄﾞｵﾚﾝｼﾞ,Blood orange,1,2015-04-25,2099-12-31
M000059580,ｾｯﾄｿﾌﾄﾄﾞﾘﾝｸ･120円,Set soft drink ¥120,5,2015-05-11,2099-12-31
M000059593,生ﾋﾞｰﾙ中,during draft beer,4,2015-05-30,2099-12-31
M000059594,ｼﾞｮｯｷ･ﾒﾛﾝS,Joky Melon S,1,2015-05-30,2099-12-31
M000059595,ｼﾞｮｯｷ･ﾎﾜｲﾄ,Joy White,1,2015-05-30,2099-12-31
M000059596,ｼﾞｮｯｷ･ｳｰﾛﾝ,Jockey Woolon,1,2015-05-30,2099-12-31
M000059597,ｼﾞｮｯｷ･OJ,Joky OJ,1,2015-05-30,2099-12-31
M000059610,塩ﾐﾙｸ,salted milk,1,2015-06-08,2099-12-31
M000059617,ｽｰﾊﾟｰﾄﾞﾗｲ中瓶,Super dry medium bottle,4,2015-06-27,2099-12-31
M000059629,和牛上ﾛｰｽ,Wagyu top loin,15,2015-07-08,2022-10-27
M000059644,×××,×××,21,2015-07-25,2099-12-31
M000059652,さくらﾕｯｹ,Sakura Yuke,10,2015-07-25,2099-12-31
M000059715,おかわり肉のみ,Refill meat only,1,2015-08-05,2099-12-31
M000059716,おかわり味噌無し,Refill no miso,1,2015-08-05,2099-12-31
M000059717,おろしﾎﾟﾝ酢付き,Grated pon with vinegar,1,2015-08-05,2099-12-31
M000059718,わさび醤油付き,With wasabi soy sauce,1,2015-08-05,2099-12-31
M000059719,にんにく醤油付き,With garlic soy sauce,1,2015-08-05,2099-12-31
M000059720,ｻﾝﾁｭ･ﾅﾑﾙ付き,Comes with Santu Namuru,1,2015-08-05,2099-12-31
M000059721,味噌付き,With miso,1,2015-08-05,2099-12-31
M000059777,濃い:ﾊｲﾎﾞｰﾙ,Dark: Highball,1,2015-09-19,2099-12-31
M000059778,濃い:ｼﾞｬｯｸS,Dark: Jack S,1,2015-09-19,2099-12-31
M000059779,濃い:ﾌﾟﾚﾐｱﾑ,Dark: Premium,1,2015-09-19,2099-12-31
M000059780,ﾐﾆﾊﾞﾆﾗ,minivanilla,1,2015-09-19,2099-12-31
M000059782,ﾆﾝﾆｸ醤油,Ninnik soy sauce,1,2015-09-19,2099-12-31
M000059784,ねぎ塩,green onion salt,1,2015-09-19,2099-12-31
M000059792,ﾊﾞﾆﾗｱｲｽ,Vanilla ice cream,6,2015-10-06,2099-12-31
M000059793,ﾍﾞﾙｷﾞｰﾁｮｺｱｲｽ,Belgium chocolate ice cream,6,2015-10-06,2099-12-31
M000059794,和風ﾊﾞﾆﾗ）,Japanese-style vanilla,6,2015-10-06,2099-12-31
M000059796,杏仁豆腐,Almond tofu,1,2015-10-06,2099-12-31
M000059853,杏仁豆腐いちごｿｰｽ,Almond tofu strawberry sauce,6,2015-11-26,2099-12-31
M000059907,賄い/ｷﾑﾁﾁｬｰﾊﾝﾋﾞｰｽ付き,Meal/Kimchi Chahan with beer,80,2015-11-27,2099-12-31
M000059908,賄い/牛味噌炒め丼ﾋﾞｰｽ付き,Meal/beef miso stir-fried bowl with beer,80,2015-11-27,2099-12-31
M000059980,酒FREEZINGﾊｲﾎﾞｰﾙ,AlcoholFREEZING Highball,4,2015-12-25,2022-10-27
M000060002,酒ﾌﾞﾗｯｸﾆｯｶ,AlcoholBlack Nikka,4,2015-12-24,2099-12-31
M000060103,生ビール大,Draft beer large,4,2015-12-01,2099-12-31
M000060104,スーパドライ大瓶,Super dry large bottle,4,2015-12-01,2099-12-31
M000060105,ドライゼロ,dry zero,4,2015-12-01,2099-12-31
M000060106,ホッピー,hoppy,4,2015-12-01,2099-12-31
M000060107,ホッピーおかわり瓶,Hoppy refill bottle,4,2015-12-01,2099-12-31
M000060108,ホッピーおかわり中,Hoppy refill medium,4,2015-12-01,2099-12-31
M000060109,ウーロンハイ,oolong high,4,2015-12-01,2099-12-31
M000060111,酎ハイ,chuhai,4,2015-12-01,2099-12-31
M000060112,シークワーサーサワー,Shikuwasa Sour,4,2015-12-01,2099-12-31
M000060113,柚子はちみつサワー,Yuzu honey sour,4,2015-12-01,2022-11-30
M000060114,生搾りレモンサワー,Freshly squeezed lemon sour,4,2015-12-01,2022-10-31
M000060115,生搾りｸﾞﾚｰﾌﾟｳﾌﾙｰﾂｻﾜｰ,Freshly squeezed grape fruit sour,4,2015-12-01,2022-10-31
M000060116,カシスソーダ,cassis soda,4,2015-12-01,2099-12-31
M000060117,カシスオレンジ,cassis orange,4,2015-12-01,2099-12-31
M000060118,梅酒ソーダ,plum wine soda,4,2015-12-01,2099-12-31
M000060119,梅酒ロック,plum wine rock,4,2015-12-01,2099-12-31
M000060120,上撰松竹梅,"Selected pine, bamboo and plum",4,2015-12-01,2099-12-31
M000060122,草家マッコリ,Soya makgeolli,4,2015-12-01,2099-12-31
M000060123,ボトル眞露,Bottle Shinro,4,2015-12-01,2099-12-31
M000060124,ボトル眞露チャミスル,Bottle Jinro Chamisul,4,2015-12-01,2099-12-31
M000060125,ｸﾞﾗｽ一番札,Glass Number one,4,2015-12-01,2022-09-30
M000060126,ｸﾞﾗｽ骨董屋,Glass Antique shop,4,2015-12-01,2099-12-31
M000060127,ｸﾞﾗｽさつま司,Glass Tsukasa Satsuma,4,2015-12-01,2099-12-31
M000060129,ｸﾞﾗｽ鍛高譚,Glass Tengakatan,4,2015-12-01,2099-12-31
M000060130,ﾎﾞﾄﾙ一番札,Bottle Number one,4,2015-12-01,2022-09-30
M000060131,ﾎﾞﾄﾙ骨董屋,bottle antique shop,4,2015-12-01,2099-12-31
M000060132,ﾎﾞﾄﾙさつま司,Bottle Tsukasa Satsuma,4,2015-12-01,2099-12-31
M000060134,ﾎﾞﾄﾙ鍛高譚,Bottle Tengakatan,4,2015-12-01,2099-12-31
M000060135,梅干し1ｹ,Pickled plums 1 piece,4,2015-12-01,2099-12-31
M000060136,レモン1/2ヶ,Lemon 1/2,4,2015-12-01,2099-12-31
M000060137,グレープフルーツ1/2ヶ,Grapefruit 1/2 piece,4,2015-12-01,2099-12-31
M000060138,ウーロン茶割り,mixed with oolong tea,4,2015-12-01,2099-12-31
M000060139,黒ウーロン茶割り,Black oolong mixed with tea,4,2015-12-01,2099-12-31
M000060140,ハイボール,Highball,4,2015-12-01,2099-12-31
M000060141,ダブルハイボール,double highball,4,2015-12-01,2099-12-31
M000060142,梅酒ハイボール,plum wine highball,4,2015-12-01,2099-12-31
M000060143,香る柚子ハイボール,Fragrant yuzu highball,4,2015-12-01,2022-11-30
M000060144,巨峰ホワイトサワー,Kyoho white sour,4,2015-12-01,2099-12-31
M000060145,緑茶ハイ,green tea high,4,2015-12-01,2099-12-31
M000060150,黒ウーロン茶割り,black oolong tea split,4,2015-12-01,2099-12-31
M000060151,スパークリング清酒　澪,Sparkling Sake Mio,4,2015-12-01,2099-12-31
M000060152,竹鶴プレミアムハイボール,Taketsuru Premium Highball,4,2015-12-01,2099-12-31
M000060153,ハードシードル,hard cider,4,2015-12-01,2099-12-31
M000060154,グラスワイン赤,Glass of wine red,4,2015-12-01,2099-12-31
M000060155,グラスワイン白,Glass of wine white,4,2015-12-01,2099-12-31
M000060156,デキャンタワイン赤,Decanter wine red,4,2015-12-01,2099-12-31
M000060157,デキャンタワイン白,Decanter wine white,4,2015-12-01,2099-12-31
M000060162,ドリンクバー,drink bar,40,2015-12-01,2022-05-31
M000060163,Cドリンクバー,C Drink bar,40,2015-12-01,2022-05-31
M000060164,小人ドリンクバー,dwarf drink bar,40,2015-12-01,2022-05-31
M000060165,幼児ドリンクバー,infant drink bar,40,2015-12-01,2022-05-31
M000060166,０ドリンクバー,0 Drink bar,40,2015-12-01,2022-05-31
M000060167,17,17,90,2015-12-01,2099-12-31
M000060169,C100ドリンクバー,C100 Drink bar,90,2015-12-01,2099-12-31
M000060170,バニラアイス,Vanilla Icecream,6,2015-12-01,2099-12-31
M000060171,ベルギーチョコアイス,belgian chocolate ice cream,6,2015-12-01,2099-12-31
M000060172,アイス石焼ブリュレ,Ice stone grilled brûlée,6,2015-12-01,2023-01-31
M000060173,チョコレートパフェ,chocolate parfait,6,2015-12-01,2099-12-31
M000060178,オレンジシャーベット,orange sherbet,6,2015-12-01,2099-12-31
M000060179,チョコバナナｻﾝﾃﾞｰ,Chocolate banana sundae,6,2015-12-01,2099-12-31
M000060180,和風きなこバニラ,Japanese style soybean vanilla,6,2015-12-01,2022-08-31
M000060193,苺たっぷりパフェ,Parfait with plenty of strawberries,6,2015-12-01,2099-12-31
M000060194,苺アイス大福,Strawberry ice cream daifuku,6,2015-12-01,2099-12-31
M000060196,セミフレッド苺,Semifreddo strawberry,6,2015-12-01,2099-12-31
M000060197,セミフレッドオレンジ,Semifreddo orange,6,2015-12-01,2099-12-31
M000060198,セミフレッドキウイ,Semifreddo kiwi,6,2015-12-01,2099-12-31
M000060200,リンゴのパフェ,apple parfait,6,2015-12-01,2099-12-31
M000060201,アップルパイ･バニラ添え,Apple pie with vanilla,6,2015-12-01,2099-12-31
M000060202,セミフレッドりんご,Semifreddo apple,6,2015-12-01,2022-11-30
M000060203,プリンアラモード,Pudding a la mode,6,2015-12-01,2099-12-31
M000060204,ライス,rice,7,2015-12-01,2099-12-31
M000060205,半ライス,half rice,7,2015-12-01,2099-12-31
M000060206,ライスセット,rice set,7,2015-12-01,2099-12-31
M000060207,大ライス,large rice,7,2015-12-01,2099-12-31
M000060208,ミニ石焼ビビンバ,Mini stone grilled bibimbap,7,2015-12-01,2099-12-31
M000060209,ビビンバ,mixed rice,7,2015-12-01,2099-12-31
M000060210,ﾐﾆｻｲｽﾞビビンバ,Mini size bibimbap,7,2015-12-01,2099-12-31
M000060211,クッパ,Bowser,7,2015-12-01,2099-12-31
M000060212,ﾐﾆｻｲｽﾞクッパ,Mini size Bowser,7,2015-12-01,2099-12-31
M000060213,ユッケジャンクッパ,Yukke Jungkuppa,7,2015-12-01,2099-12-31
M000060215,カルビクッパ,Galbi Bowser,7,2015-12-01,2099-12-31
M000060216,ﾐﾆｻｲｽﾞカルビクッパ,Mini size Kalbikuppa,7,2015-12-01,2099-12-31
M000060227,L,L,90,2015-12-01,2099-12-31
M000060228,D,D,90,2015-12-01,2099-12-31
M000060233,大ライスセット,large rice set,7,2015-12-01,2099-12-31
M000060234,半ライスセット,half rice set,7,2015-12-01,2099-12-31
M000060235,石焼ビビンバ,stone grilled bibimbap,7,2015-12-01,2099-12-31
M000060238,ソルロンタンクッパ,seollongtang koppa,7,2015-12-01,2099-12-31
M000060242,ザブトンステーキ丼,Zabuton Steak Bowl,7,2015-12-01,2099-12-31
M000060243,カルビステーキ丼,Kalbi steak bowl,7,2015-12-01,2099-12-31
M000060244,和牛イチボステーキ丼,Wagyu beef steak bowl,7,2015-12-01,2099-12-31
M000060254,サンチュ,Sanchu,9,2015-12-01,2022-11-30
M000060256,シーザーサラダ,Caesar salad,9,2015-12-01,2022-11-30
M000060257,チョレギサラダ,Choregi salad,9,2015-12-01,2022-11-30
M000060262,海老の岩塩焼２尾,Shrimp grilled with rock salt 2 pieces,28,2015-12-01,2022-06-30
M000060264,ホタテの磯焼バター風味,Sea-grilled scallops with butter flavor,28,2015-12-01,2099-12-31
M000060282,キムチ,kimchi,11,2015-12-01,2099-12-31
M000060283,オイキムチ,cucumber Kimchi,11,2015-12-01,2099-12-31
M000060284,カクテキ,Kakuteki,11,2015-12-01,2099-12-31
M000060286,モヤシナムル,Bean sprouts namul,11,2015-12-01,2099-12-31
M000060287,ホウレン草ナムル,spinach namul,11,2015-12-01,2099-12-31
M000060288,椎茸ナムル,Shiitake mushroom namul,11,2015-12-01,2099-12-31
M000060289,ぜんまいナムル,Mainspring Namul,11,2015-12-01,2099-12-31
M000060290,センナムル,Sennamul,11,2015-12-01,2099-12-31
M000060291,ナムル盛合せ,Assorted namul,11,2015-12-01,2099-12-31
M000060296,ニンニク,garlic,27,2015-12-01,2022-08-31
M000060297,キャベツ,cabbage,27,2015-12-01,2022-08-31
M000060299,玉ネギ,onion,27,2015-12-01,2022-08-31
M000060300,とうもろこし,corn,27,2015-12-01,2022-08-31
M000060301,キノコ盛り,Assorted mushrooms,27,2015-12-01,2022-08-31
M000060302,野菜焼盛り,Grilled vegetables,27,2015-12-01,2022-08-31
M000060306,玉子スープうどん,egg soup udon,13,2015-12-01,2023-02-28
M000060309,ミニ玉子スープうどん,Mini egg soup udon,13,2015-12-01,2023-02-28
M000060312,海鮮スンドゥブチゲ,Seafood sundubu jjigae,12,2015-12-01,2022-11-30
M000060313,マンドゥチゲ,Mandu jjigae,12,2015-12-01,2022-11-30
M000060318,ネギ塩焼用ミジンねぎ,Green onions for grilling with salt,21,2015-12-01,2099-12-31
M000060320,P,P,90,2015-12-01,2099-12-31
M000060325,ハーフサンチュ,half sunchu,9,2015-12-01,2022-11-30
M000060326,ﾗﾝﾁドリンクバー,Lunch Drink bar,40,2015-12-01,2022-05-31
M000060327,替豚カルビ,Substitute Pork ribs,90,2015-12-01,2099-12-31
M000060336,おこさまカレーセット,Children's curry set,17,2015-12-01,2099-12-31
M000060337,おこさまスパゲティセット,Children's spaghetti set,17,2015-12-01,2099-12-31
M000060338,おこさまライスセット,Children's rice set,17,2015-12-01,2099-12-31
M000060339,おこさまうどん,Okusama udon,17,2015-12-01,2099-12-31
M000060340,おこさまクッパ,Koopa Koopa,17,2015-12-01,2099-12-31
M000060341,ミニアイス,mini ice cream,17,2015-12-01,2099-12-31
M000060342,キッズドリンク,kids drinks,40,2015-12-01,2022-05-31
M000060343,キッズセット,kids set,17,2015-12-01,2099-12-31
M000060344,幼児キッズセット,toddler kids set,90,2015-12-01,2099-12-31
M000060348,Rドリンク,RDrink,40,2015-12-01,2022-05-31
M000060349,Rアイス,RIce,6,2015-12-01,2099-12-31
M000060350,Rおもちゃ,RToys,90,2015-12-01,2099-12-31
M000060352,RＢＤパフェスペシャル,RBD parfait special,6,2015-12-01,2099-12-31
M000060383,まんぷく得々コース,Manpuku Tokutoku Course,19,2015-12-01,2099-12-31
M000060384,プレミアムコース,Premium course,19,2015-12-01,2099-12-31
M000060393,味わい満足コース,Taste satisfaction course,19,2015-12-01,2099-12-31
M000060418,お子様用茶碗,Children's bowl,90,2015-12-01,2099-12-31
M000060419,青小鉢,small blue bowl,90,2015-12-01,2099-12-31
M000060420,タレ皿,sauce plate,90,2015-12-01,2099-12-31
M000060421,キムチ別盛,Kimchi special dish,90,2015-12-01,2099-12-31
M000060422,辛さ控え目,spiciness moderate,90,2015-12-01,2099-12-31
M000060423,辛さ普通,Spicy normal,90,2015-12-01,2099-12-31
M000060425,辛さ激辛,Spicy extremely spicy,21,2015-12-01,2022-05-31
M000060426,お茶,tea,90,2015-12-01,2099-12-31
M000060427,食後デザート,Dessert after meal,90,2015-12-01,2099-12-31
M000060428,冷茶,cold tea,90,2015-12-01,2099-12-31
M000060429,お冷や,Cold,90,2015-12-01,2099-12-31
M000060430,男の子,boy,90,2015-12-01,2099-12-31
M000060431,女の子,girl,90,2015-12-01,2099-12-31
M000060432,チラシ,Flyer,90,2015-12-01,2099-12-31
M000060433,ＨＰ,HP,90,2015-12-01,2099-12-31
M000060434,mobile,mobile,90,2015-12-01,2099-12-31
M000060435,その他,Others,90,2015-12-01,2099-12-31
M000060437,おろしポン酢,Grated ponzu sauce,21,2015-12-01,2099-12-31
M000060465,宝特賞和牛ビッグ,Treasure Special Prize Wagyu Big,90,2015-12-01,2099-12-31
M000060466,ﾌﾟﾚｾﾞﾝﾄバニラアイス,Present Vanilla ice cream,6,2015-12-01,2099-12-31
M000060468,宝1等和牛上カルビ｢白｣,"Treasure 1st prize Wagyu beef ribs ""white""",90,2015-12-01,2099-12-31
M000060501,Tドリンクバイキング,T Drink buffet,42,2015-12-01,2099-12-31
M000060505,T牛タン切落し,T Beef tongue cut off,42,2015-12-01,2099-12-31
M000060506,T国産豚レバー,T Domestic pork liver,42,2015-12-01,2099-12-31
M000060507,Tsパワー＆ヘルシー,Ts Power & Healthy,42,2015-12-01,2099-12-31
M000060514,TsﾐﾆＦカルビ,Ts Mini F ribs,42,2015-12-01,2099-12-31
M000060515,TsﾐﾆＦロース,Ts Mini F loin,42,2015-12-01,2099-12-31
M000060516,Tsﾐﾆ豚カルビ,Ts Mini pork ribs,42,2015-12-01,2099-12-31
M000060517,Tsﾐﾆポークソーセージ,Ts Mini pork sausage,42,2015-12-01,2099-12-31
M000060518,Tsﾐﾆ牛タン,Ts Mini beef tongue,42,2015-12-01,2099-12-31
M000060521,Ts牛タンバーグ,Ts Beef Tanburg,42,2015-12-01,2099-12-31
M000060525,飲シンプルパック,Drink Simple pack,19,2015-12-01,2099-12-31
M000060526,飲生ビールパック,Drink Draft beer pack,19,2015-12-01,2099-12-31
M000060527,Tファミリーロース,T Family loin,42,2015-12-01,2099-12-31
M000060528,Ts牛ハラミ,TsBeef skirt steak,42,2015-12-01,2099-12-31
M000060529,Ts牛タン塩,TsBeef tongue salt,42,2015-12-01,2099-12-31
M000060531,T牛レバー,TBeef liver,42,2015-12-01,2099-12-31
M000060532,T国産豚ハツ,T Domestic pork heart,42,2015-12-01,2099-12-31
M000060533,Tホルモンミックス,T Hormone mix,42,2015-12-01,2099-12-31
M000060534,Tシマチョウ,T Zebra butterfly,42,2015-12-01,2099-12-31
M000060535,Ts牛ミノ,Ts Beef Mino,42,2015-12-01,2099-12-31
M000060536,T豚ガツ,T Pork guts,42,2015-12-01,2099-12-31
M000060537,T豚ホルモン,T Pig hormone,42,2015-12-01,2099-12-31
M000060538,T豚カルビ,TPork ribs,42,2015-12-01,2099-12-31
M000060539,Tとんトロ塩,T Tontoro salt,42,2015-12-01,2099-12-31
M000060540,T鶏なんこつ塩,T Chicken Nankotsu Salt,42,2015-12-01,2099-12-31
M000060541,Tsぐるぐるウィンナー,Ts Guru Guru Wiener,42,2015-12-01,2099-12-31
M000060542,Tポークソーセージ,TPork sausage,42,2015-12-01,2099-12-31
M000060594,T生ホルモン,T Raw hormone,42,2015-12-01,2099-12-31
M000060598,物販キムチ,Product sales Kimchi,23,2015-12-01,2099-12-31
M000060599,物販チャンジャ,Merchandise Changja,23,2015-12-01,2099-12-31
M000060600,物販韓国のり,Product sales Korean seaweed,23,2015-12-01,2099-12-31
M000060601,物販キャディー,Merchandise Caddy,23,2015-12-01,2099-12-31
M000060602,物販チョレギ,Merchandise Choregi,23,2015-12-01,2099-12-31
M000060603,物販焼肉つけダレ,Merchandise Yakiniku dipping sauce,23,2015-12-01,2099-12-31
M000060604,物販焼肉塩ダレ,Merchandise Yakiniku salt sauce,23,2015-12-01,2099-12-31
M000060605,物販サンチュ味噌,Product sales Sanchu miso,23,2015-12-01,2099-12-31
M000060606,ウコンの力,The power of turmeric,5,2015-12-01,2022-11-30
M000060608,20151104P1135,20151104P1135,90,2015-12-01,2099-12-31
M000060609,ﾗﾝﾀﾞﾑ　　　　　　　　,Random　　　　　　,90,2015-12-01,2099-12-31
M000060685,韓国味噌キムチチゲ,Korean miso kimchi stew,12,2015-12-01,2022-11-30
M000060701,「極」特選三種盛合せ,Assortment of three special selections of “Kiwami”,15,2016-03-01,2099-12-31
M000060702,銘柄和牛特選厚切りカルビ,Specially selected thick-sliced ​​beef short ribs,15,2016-03-01,2099-12-31
M000060703,銘柄和牛特選厚切りロース,Specially selected thick-sliced ​​sirloin of Wagyu beef,15,2016-03-01,2099-12-31
M000060704,銘柄和牛特選上カルビ,Special brand Wagyu beef short ribs,15,2016-03-01,2099-12-31
M000060705,銘柄和牛上カルビ紅白盛り,Brand name wagyu beef short rib red and white platter,15,2016-03-01,2099-12-31
M000060706,銘柄和牛カルビ,Brand name Wagyu ribs,15,2016-03-01,2099-12-31
M000060707,銘柄和牛上カルビ「白」,Brand name Wagyu beef short ribs “White”,15,2016-03-01,2099-12-31
M000060708,銘柄和牛上カルビ「赤」,"Brand name Wagyu beef short ribs ""red""",15,2016-03-01,2099-12-31
M000060709,銘柄和牛ロース,Brand Wagyu beef loin,15,2016-03-01,2099-12-31
M000060710,銘柄和牛上ロース,Branded wagyu beef top loin,15,2016-03-01,2099-12-31
M000061030,サ：韓流サムギョプサル,Sa: Korean samgyeopsal,15,2015-12-01,2099-12-31
M000061031,サ：aファミリーセット,S:a family set,43,2015-12-01,2022-05-31
M000061033,サ：1.5）ファミリーセット,Sa: 1.5 Family set,43,2015-12-01,2022-05-31
M000061034,サ：aレギュラーセット,Service: a regular set,43,2015-12-01,2022-04-30
M000061035,サ：1.5）レギュラーセット,Sa: 1.5 Regular set,43,2015-12-01,2022-04-30
M000061036,サ：国産牛盛り＆牛タンセット,Sa: Domestic beef platter & beef tongue set,43,2015-12-01,2099-12-31
M000061037,サ：1.5）国産牛盛り＆牛タンセット,Sa: 1.5 Domestic beef platter & beef tongue set,43,2015-12-01,2099-12-31
M000061039,サ：ハラミ,Sa: skirt steak,15,2015-12-01,2099-12-31
M000061040,サ：牛タン塩,Sa: Beef tongue salt,15,2015-12-01,2099-12-31
M000061041,サ：牛レバー,Sa: Beef liver,15,2015-12-01,2099-12-31
M000061042,サ：ホルモンミックス,Sa: Hormone mix,15,2015-12-01,2099-12-31
M000061043,サ：シマチョウ,Sa: Striped butterfly,15,2015-12-01,2099-12-31
M000061044,サ：牛ミノ,Sa: Beef Mino,15,2015-12-01,2099-12-31
M000061045,サ：国産豚生ホルモン,Sa: Domestic pork raw hormone,15,2015-12-01,2099-12-31
M000061046,サ：ファミリーロース,Sa: Family roast,15,2015-12-01,2022-05-31
M000061047,Tsサンチュ,Ts Sanchu,42,2015-12-01,2099-12-31
M000061048,サ：豚ハツ,Sa: Pork heart,15,2015-12-01,2099-12-31
M000061049,サ：豚カルビ,Sa: Pork ribs,15,2015-12-01,2099-12-31
M000061050,サ：トントロ塩,Sa: Tontoro salt,15,2015-12-01,2022-04-30
M000061052,サ：ぐるぐるウインナー,Sa: Guru Guru Wiener,15,2015-12-01,2022-04-30
M000061053,サ：ポークソーセージ（５本）,Sa: Pork sausage 5 pieces,15,2015-12-01,2022-04-30
M000061054,サ：和牛カルビ,Sa: Wagyu beef short ribs,15,2015-12-01,2099-12-31
M000061055,サ：和牛ロース,Sa: Wagyu beef loin,15,2015-12-01,2099-12-31
M000061057,サ：国産こりこり,Service: Domestic Korikori,15,2015-12-01,2099-12-31
M000061058,サ：牛タン切り落とし,Sa: Beef tongue cut off,15,2015-12-01,2099-12-31
M000061060,サ：国産豚レバー,Sa: Domestic pork liver,15,2015-12-01,2099-12-31
M000061061,サ：牛タンバーグ,Sa: Beef tanburger,15,2015-12-01,2099-12-31
M000061062,サ：国産牛ファミリーカルビ,Sa: Domestic beef family short ribs,15,2015-12-01,2099-12-31
M000061063,サ：国産牛中落ち上カルビ,Sa: Domestic beef short ribs,15,2015-12-01,2022-11-30
M000061064,サ：国産牛ネギ塩カルビ,Sa: Domestic beef leek salt ribs,15,2015-12-01,2099-12-31
M000061065,サ：バラカルビ,Sa: Barakalbi,15,2015-12-01,2099-12-31
M000061066,サ：ネギ塩ファミリーロース,Sa: Green onion salt family loin,15,2015-12-01,2022-05-31
M000061067,サ：国産豚ガツ,Sa: Domestic pork guts,15,2015-12-01,2099-12-31
M000061071,生ビール中,Draft beer medium,4,2015-12-01,2022-08-30
M000061073,Tチョレギサラダ,T Choregi salad,42,2015-12-01,2099-12-31
M000061074,サ：国産牛上カルビ,Sa: Domestic beef short ribs,15,2015-12-01,2099-12-31
M000061077,Tsシーザーサラダ,Ts Caesar salad,42,2015-12-01,2099-12-31
M000061080,T）ばり！！キャベツ,T Bali! ! cabbage,42,2015-12-01,2099-12-31
M000061081,Tｍ）桜ユッケ,Tm Sakura Yukhoe,42,2015-12-01,2099-12-31
M000061082,Tｓ）豚足,Ts pig's feet,42,2015-12-01,2022-08-31
M000061083,T）キムチ,T Kimchi,42,2015-12-01,2099-12-31
M000061084,Tｓ）オイキムチ,Ts Oi kimchi,42,2015-12-01,2099-12-31
M000061085,Tｓ）カクテキ,Ts Kakuteki,42,2015-12-01,2099-12-31
M000061087,T）もやしナムル,T Bean sprout namul,42,2015-12-01,2099-12-31
M000061088,T）ホウレン草ナムル,T Spinach Namul,42,2015-12-01,2099-12-31
M000061089,Tｓ）ナムル盛合せ,Ts Assorted namul,42,2015-12-01,2099-12-31
M000061090,T）韓国のり,T Korean seaweed,42,2015-12-01,2099-12-31
M000061092,Tｓ）ポテトフライ,Ts fries,42,2015-12-01,2099-12-31
M000061097,T玉ネギ焼,T Grilled onions,42,2015-12-01,2099-12-31
M000061098,T長ネギ焼,T Grilled green onion,42,2015-12-01,2099-12-31
M000061099,Tにんにく焼,T Garlic grilled,42,2015-12-01,2099-12-31
M000061100,Tキャベツ焼,T Grilled cabbage,42,2015-12-01,2099-12-31
M000061102,Tキノコ焼,T Grilled mushrooms,42,2015-12-01,2099-12-31
M000061106,Tライス,TRice,42,2015-12-01,2099-12-31
M000061107,T大ライス,T Large rice,42,2015-12-01,2099-12-31
M000061108,T半ライス,T Half rice,42,2015-12-01,2099-12-31
M000061109,Tsライスセット,TsRice set,42,2015-12-01,2099-12-31
M000061110,Ts大ライスセット,Ts Large rice set,42,2015-12-01,2099-12-31
M000061111,Ts半ライスセット,Ts Half rice set,42,2015-12-01,2099-12-31
M000061113,Tビビンバ,T bibimbap,42,2015-12-01,2099-12-31
M000061114,Tクッパ,T Bowser,42,2015-12-01,2099-12-31
M000061115,Tsカルビクッパ,Ts Kalbi Bowser,42,2015-12-01,2099-12-31
M000061116,Tsユッケジャンクッパ,Ts Yukke Jungkuppa,42,2015-12-01,2099-12-31
M000061117,Tsミニカルビクッパ,Ts Mini Calvi Bowser,42,2015-12-01,2099-12-31
M000061118,Tsミニ石焼ビビンバ,Ts Mini stone grilled bibimbap,42,2015-12-01,2099-12-31
M000061119,Tsミニビビンバ,Ts Mini bibimbap,42,2015-12-01,2099-12-31
M000061121,T玉子と野菜のスープ,T Egg and vegetable soup,42,2015-12-01,2023-02-28
M000061122,Tsユッケジャンスープ,Ts Yukgaejang soup,42,2015-12-01,2099-12-31
M000061123,Tsカルビスープ,Ts Kalbi soup,42,2015-12-01,2099-12-31
M000061129,Tsバニラアイス,Ts vanilla ice cream,42,2015-12-01,2099-12-31
M000061130,Tsベルギーチョコアイス,Ts Belgian chocolate ice cream,42,2015-12-01,2022-04-30
M000061131,Ts皮付きオレンジシャーベット,Ts Orange sherbet with peel,42,2015-12-01,2099-12-31
M000061132,Tm和風きなこバニラ,TmJapanese Kinako Vanilla,42,2015-12-01,2099-12-31
M000061133,Tmチョコレートパフェ,Tm Chocolate parfait,42,2015-12-01,2099-12-31
M000061134,Tmチョコバナナサンデー,Tm Chocolate banana sundae,42,2015-12-01,2099-12-31
M000061135,Tsお子様カレーセット,TsChildren's curry set,42,2015-12-01,2099-12-31
M000061136,Tsお子様スパゲティセット,Ts Children's spaghetti set,42,2015-12-01,2099-12-31
M000061137,Tsお子様ライスセット,Ts Children's rice set,42,2015-12-01,2099-12-31
M000061138,Tsお子様クッパ,Ts Children's Bowser,42,2015-12-01,2099-12-31
M000061142,Ts厚切りロースステーキ,Ts Thick-sliced ​​loin steak,42,2015-12-01,2099-12-31
M000061145,YFCアイス石焼ブリュレ,YFC Ice stone grilled brulee,6,2015-12-01,2023-01-31
M000061164,ﾐﾆユッケジャンクッパ,Mini Yukke Jungkuppa,42,2015-12-01,2099-12-31
M000061165,T椎茸ナムル,T Shiitake mushroom namul,42,2015-12-01,2099-12-31
M000061167,Tセンナムル,T Sennamul,42,2015-12-01,2099-12-31
M000061168,Tぜんまいナムル,T Mainspring Namul,42,2015-12-01,2099-12-31
M000061169,キムチ３種盛り,Assortment of 3 types of kimchi,11,2015-12-01,2099-12-31
M000061170,BDおこさまカレーセット,BD Children's curry set,17,2015-12-01,2022-09-30
M000061173,ﾐﾆ）豚ｶﾙﾋﾞ,Mini Pork ribs,15,2014-12-17,2099-12-31
M000061178,Tミニクッパ,T Mini Bowser,42,2015-12-01,2099-12-31
M000061183,元気盛り500,Genki prime 500,14,2016-01-20,2099-12-31
M000061186,国産牛ﾏﾙﾁｮｳ,Domestic beef malcho,15,2016-01-19,2099-12-31
M000061203,かきスンドゥブチゲ,Oyster sundubu jjigae,12,2015-12-01,2022-11-30
M000061204,美肌ソルロンチゲ,Beautiful skin seollong jjigae,12,2015-12-01,2022-11-30
M000061206,Ｌ）チョコアイス,L Chocolate ice cream,6,2015-12-01,2099-12-31
M000061215,石･ｿﾙﾛﾝﾀﾝS,Stone Seollongtan S,1,2016-01-20,2099-12-31
M000061257,ｼｱｲｽｳｰﾛﾝ茶,shi Ice cream tea,5,2016-02-22,2099-12-31
M000061258,ｼﾍﾟﾌﾟｼｺｰﾗ,shi Pepsi Cola,5,2016-02-22,2099-12-31
M000061259,ｼﾒﾛﾝｿｰﾀﾞ,shi Melon soda,5,2016-02-22,2099-12-31
M000061260,ｼﾎﾜｲﾄｳｫｰﾀｰ,shi White water,5,2016-02-22,2099-12-31
M000061261,ｼｱｾﾛﾗｿｰﾀﾞ,shi Acerola soda,5,2016-02-22,2099-12-31
M000061262,ｼｵﾚﾝｼﾞｼﾞｭｰｽ,shiOrange juice,5,2016-02-22,2099-12-31
M000061263,ｼｱｲｽﾃｨｰ,shi Ice tea,5,2016-02-22,2099-12-31
M000061264,ｼｱｲｽﾐﾙｸﾃｨｰ,shi Ice milk tea,5,2016-02-22,2099-12-31
M000061265,ｼﾎｯﾄｺｰﾋｰ,shiHot coffee,5,2016-02-22,2099-12-31
M000061266,ｼｱｲｽｺｰﾋｰ,shi Ice coffee,5,2016-02-22,2099-12-31
M000061267,ｿﾌﾄ飲み放題ﾊﾟｯｸ,Soft all-you-can-drink pack,5,2016-02-22,2099-12-31
M000061506,生卵,Raw egg,1,2016-05-16,2099-12-31
M000061546,中落ちｶﾙﾋﾞ,Nakaochi Calbi,1,2016-06-18,2099-12-31
M000061547,ﾎﾙﾓﾝ&ﾚﾊﾞｰ,Hormon & Lever,1,2016-06-18,2099-12-31
M000061548,物販ﾊﾟﾌﾟﾘｶﾄﾞﾚｯｼﾝｸﾞ,Product Sales Pricaddressing,23,2016-06-18,2099-12-31
M000061568,ｷﾑﾁ,Kimchi,1,2016-07-01,2022-10-27
M000061569,ﾐﾆｻﾗﾀﾞ,mini salad,16,2016-07-01,2099-12-31
M000061582,味ﾜｲ･ﾂﾕﾀﾞｸ,Taste of tsuyudaku,1,2016-07-12,2099-12-31
M000061583,ｳﾏ辛･ﾂﾕﾀﾞｸ,spicy udon,1,2016-07-12,2099-12-31
M000061596,こく旨ﾀﾝ豚,Rich taste tongue pork,15,2016-07-30,2022-10-27
M000061597,旨ﾊﾗﾐ豚,Umami ham pork,15,2016-07-30,2099-12-31
M000061643,Vごま塩豚ｶﾙﾋﾞ,V Sesame salt pork ribs,42,2016-08-27,2099-12-31
M000061682,牛ﾀﾝ唐揚げ,Fried beef tongue,10,2016-09-01,2022-10-27
M000061685,ﾊｽﾞﾚﾐﾆﾊﾞﾆﾗ,Bustle Mini vanilla,6,2016-09-13,2022-10-27
M000061694,ｾｯﾄﾄﾞﾘﾝｸﾊﾞｰ150円,Set drink bar 150 yen,40,2016-09-24,2099-12-31
M000061696,ｾｯﾄｿﾌﾄﾄﾞﾘﾝｸ150円,Set soft drink 150 yen,5,2016-09-24,2099-12-31
M000061697,定食ｿﾌﾄﾄﾞﾘﾝｸs,Set meal Soft drinks,5,2016-09-24,2099-12-31
M000061698,ﾕｯｹｼﾞｬﾝｽｰﾌﾟ,Yuckejan soup,16,2016-09-24,2099-12-31
M000061699,野菜ｽｰﾌﾟ,vegetable soup,16,2016-09-24,2099-12-31
M000061703,FF/ｺｰﾝｶｯﾌﾟ,FF/cone cup,41,2016-09-27,2099-12-31
M000061704,FF/ﾜｯﾌﾙｺｰﾝ,FF/waffle cone,41,2016-09-27,2099-12-31
M000061705,FF/ﾜｯﾌﾙﾎﾞｰﾙ,FF/waffle ball,41,2016-09-27,2099-12-31
M000061706,FF/ｷｯｽﾞﾎﾞｰﾙ,FF/Kids ball,41,2016-09-27,2099-12-31
M000061707,FF/ﾗﾝﾁｶｯﾌﾟ,FF/Lunch Cup,41,2016-09-27,2099-12-31
M000061708,FF/ｼﾝｸﾞﾙｶｯﾌﾟ,FF/single cup,41,2016-09-27,2099-12-31
M000061709,FF/ﾀﾞﾌﾞﾙｶｯﾌﾟ,FF/Double cup,41,2016-09-27,2099-12-31
M000061710,ﾊﾞﾆﾗ,Vanilla,1,2016-09-27,2099-12-31
M000061711,ﾁｮｺﾚｰﾄ,Chocolate,1,2016-09-27,2099-12-31
M000061712,ｽﾄﾛﾍﾞﾘｰ,Strobberry,1,2016-09-27,2099-12-31
M000061713,ﾁｮｺﾁｯﾌﾟﾐﾝﾄ,Chocolate chip mint,1,2016-09-27,2099-12-31
M000061714,ｸｯｷｰ＆ｸﾘｰﾑ,cookies & cream,1,2016-09-27,2099-12-31
M000061719,賄い/焼肉そぼろご飯ﾋﾞｰｽ付き,Meal/Yakiniku minced rice with beer,80,2016-10-04,2099-12-31
M000061732,厚切りﾛｰｽｽﾃｰｷ,Thick-sliced ​​low steak,24,2016-10-07,2022-04-30
M000061817,お替り焼きしゃぶ,Refill grilled shabu,15,2016-10-21,2022-10-27
M000061821,ﾀﾚ入り生卵,Raw egg with sauce,21,2016-10-21,2099-12-31
M000061828,こくうまﾀﾝ,Kokuumatan,16,2016-10-25,2099-12-31
M000061829,旨ﾊﾗﾐ･豚,Delicious barrami/pork,16,2016-10-25,2099-12-31
M000061831,酒ｶｼｽｳｰﾛﾝ,Liquor  Cassis Suoron,4,2016-10-25,2099-12-31
M000061916,飲放:ｼﾝﾌﾟﾙ,All-you-can-drink: Simple,1,2016-10-29,2099-12-31
M000061998,塩,Salt,1,2016-11-26,2099-12-31
M000061999,味噌ﾀﾚ,Miso sauce,1,2016-11-26,2099-12-31
M000062042,LINE無料ﾄﾞﾘﾝｸﾊﾞｰ,LINE free drink bar,40,2016-12-24,2099-12-31
M000062043,LINE無料ｿﾌﾄﾄﾞﾘﾝｸ,LINE free Soft drink,5,2016-12-24,2099-12-31
M000062044,LINEｿﾌﾄﾄﾞﾘﾝｸ･,LINE Soft drink,5,2016-12-24,2099-12-31
M000062045,LINE無料ﾐﾆﾊﾞﾆﾗ,LINE free Minivanilla,6,2016-12-24,2099-12-31
M000062050,FHB＆国産牛赤身ｶﾙﾋﾞ,FHB & domestic beef lean ribs,15,2017-01-01,2099-12-31
M000062068,TH中落ちｶﾙﾋﾞ,TH Nakaochi Calbi,42,2017-01-24,2099-12-31
M000062069,S一本中落ちｶﾙﾋﾞ,S Ippon Naka Ochi Calbi,42,2017-01-24,2022-10-27
M000062070,THﾌｧﾐﾘｰﾛｰｽ,TH Family Rose,42,2017-01-24,2022-10-27
M000062073,S牛ﾊﾗﾐ,S Beef short ribs,42,2017-01-24,2022-10-27
M000062077,G牛ﾀﾝ,G Beef tongue,42,2022-04-14,2022-10-27
M000062079,V牛ﾀﾝﾊﾞｰｸﾞ,V Beef tanburger,42,2017-01-24,2099-12-31
M000062086,TH牛ﾎﾙﾓﾝ,TH Beef hormon,42,2017-01-24,2022-10-27
M000062087,P牛ﾚﾊﾞｰ,P Beef liver,42,2017-01-24,2099-12-31
M000062089,S上ﾐﾉ,S Upper minor,42,2017-01-24,2022-10-27
M000062090,G国産牛ﾎﾙﾓﾝ,G Domestic beef hormon,42,2017-01-24,2099-12-31
M000062091,THﾎﾙﾓﾝMIX,THHormon MIX,42,2017-01-24,2099-12-31
M000062100,P旨ﾊﾗﾐ豚,P Harami pork,42,2017-01-24,2099-12-31
M000062101,Pこく旨ﾀﾝ豚,P Rich tongue pork,42,2017-01-24,2099-12-31
M000062103,Pｿｰｾｰｼﾞ4本,P Sausage 4 pieces,42,2017-01-24,2099-12-31
M000062112,P玉ﾈｷﾞ焼,P Grilled onion,42,2017-01-24,2099-12-31
M000062113,THとうもろこし焼,TH Grilled corn,42,2017-01-24,2022-10-27
M000062114,Pﾋﾟｰﾏﾝ焼,P Grilled pepper,42,2017-01-24,2099-12-31
M000062116,P長ﾈｷﾞ焼,P Long green onion grill,42,2017-01-24,2099-12-31
M000062117,Pﾆﾝｼﾞﾝ焼,P Grilled carrots,42,2017-01-24,2099-12-31
M000062118,Vｷｬﾍﾞﾂ焼,V Grilled cabbage,42,2017-01-24,2022-10-27
M000062124,Gｺﾞｰｼﾞｬｽｺｰｽ,G Gorges course,42,2017-01-24,2022-10-27
M000062128,GCｺﾞｰｼﾞｬｽｺｰｽ,GCGorgeous course,42,2017-01-24,2022-10-27
M000062145,P野菜のｸｯﾊﾟ,P Vegetable cuppa,42,2017-01-24,2099-12-31
M000062149,Pﾊﾞﾆﾗｼｭｰｱｲｽ,P Vanilla ice cream,42,2017-01-24,2099-12-31
M000062152,Pいちご杏仁,P Strawberry apricot kernel,42,2017-01-24,2099-12-31
M000062153,V杏仁豆腐,V Almond tofu,42,2017-01-24,2022-10-27
M000062157,Pねぎ塩,P Green onion salt,42,2017-01-24,2099-12-31
M000062158,Ｖ大根おろし,V Grated radish,42,2017-01-24,2022-10-27
M000062159,Pおろしﾎﾟﾝ酢,P Grated ponzu vinegar,42,2017-01-24,2099-12-31
M000062161,Pﾀﾚ入り生卵,P Raw egg with sauce,42,2017-01-24,2099-12-31
M000062170,Pﾓﾔｼﾅﾑﾙ,P Moyashinarum,42,2017-01-24,2099-12-31
M000062171,Pほうれん草ﾅﾑﾙ,P Spinach nuts,42,2017-01-24,2099-12-31
M000062173,P枝豆,P Edamame,42,2017-01-24,2099-12-31
M000062174,P韓国のり,P Korean seaweed,42,2017-01-24,2099-12-31
M000062187,THﾕｯｹｼﾞｬﾝｸｯﾊﾟ,TH Yukejungpa,42,2017-01-24,2022-10-27
M000062188,Sﾕｯｹｼﾞｬﾝうどん,S Yukkejian udon,42,2017-01-24,2022-10-27
M000062197,THｶﾙﾋﾞｸｯﾊﾟ,TH Kalbikuppa,42,2017-01-24,2022-10-27
M000062198,Sｶﾙﾋﾞうどん,S Kalbi udon,42,2017-01-24,2022-10-27
M000062201,TH冷麺,TH cold noodles,42,2017-01-24,2022-10-27
M000062206,Gｱｲｽ石焼ﾌﾞﾘｭﾚ,G Ice stone grilled brulee,42,2017-01-24,2099-12-31
M000062210,Pﾏﾖﾈｰｽﾞ,P Mayonnaise,42,2016-05-28,2099-12-31
M000062228,塩ﾀﾚTH,Salt sauceTH,1,2017-01-24,2099-12-31
M000062229,ﾀﾚ焼,Tareyaki,1,2017-01-24,2099-12-31
M000062230,岩塩焼,Rock salt grilled,1,2017-01-24,2099-12-31
M000062231,塩,Salt,1,2017-01-24,2099-12-31
M000062232,味噌ﾀﾚ,Miso sauce,1,2017-01-24,2099-12-31
M000062233,ﾆﾝﾆｸ塩,Garlic salt,1,2017-01-24,2099-12-31
M000062236,細麺,thin noodles,1,2017-01-24,2022-10-27
M000062237,太麺,thick noodles,1,2017-01-24,2022-10-27
M000062238,味噌ﾀﾚ,Miso sauce,1,2017-01-24,2099-12-31
M000062241,酒生搾りﾚﾓﾝｻﾜｰ,Sake  Fresh squeezed lemon sour,4,2017-01-31,2099-12-31
M000062242,酒生搾りGFｻﾜｰ,Sake  Freshly squeezed GF sour,4,2017-01-31,2099-12-31
M000062255,青小鉢,small blue bowl,21,2017-03-01,2099-12-31
M000062256,ﾀﾚ皿,sauce plate,21,2017-03-01,2099-12-31
M000062257,Vk取り皿,Vk Serving plate,42,2017-03-01,2022-10-27
M000062269,野菜焼ﾌﾟﾚｰﾄ,Grilled vegetable plate,27,2017-03-17,2099-12-31
M000062270,ﾆﾝﾆｸ焼,Grilled garlic,27,2017-03-17,2099-12-31
M000062271,ｷｬﾍﾞﾂ焼,Grilled cabbage,27,2017-03-17,2022-10-27
M000062272,長ﾈｷﾞ焼,Long green onion grill,27,2017-03-17,2099-12-31
M000062273,玉ﾈｷﾞ焼,Grilled onion,27,2017-03-17,2099-12-31
M000062274,とうもろこし焼,Grilled corn,27,2017-03-17,2099-12-31
M000062275,ｴﾘﾝｷﾞ焼,Erringiyaki,27,2017-03-17,2099-12-31
M000062276,ﾋﾟｰﾏﾝ焼,Grilled piman,27,2017-03-17,2099-12-31
M000062278,ｲｲﾀﾞｺくるりん焼,Idako Kururin-yaki,28,2017-03-17,2099-12-31
M000062281,和風大根ｻﾗﾀﾞ,Japanese-style radish salad,9,2017-03-17,2022-10-27
M000062282,ﾁｮﾚｷﾞｻﾗﾀﾞ,Choregi salad,9,2017-03-17,2022-10-27
M000062283,ｻﾝﾁｭ,Sanchu,9,2017-03-17,2099-12-31
M000062285,Lﾐﾆｻﾗﾀﾞ,L Mini salad,16,2017-03-17,2099-12-31
M000062286,ｷﾑﾁ,Kimchi,11,2017-03-17,2099-12-31
M000062287,ｶｸﾃｷ,Kakuteki,11,2017-03-17,2099-12-31
M000062288,ｷﾑﾁ盛合せ,Assorted kimchi,11,2017-03-17,2099-12-31
M000062289,ﾅﾑﾙ盛合せ,Assorted Namuru,11,2017-03-17,2022-10-27
M000062290,ﾓﾔｼﾅﾑﾙ,Moyashinamul,11,2017-03-17,2099-12-31
M000062291,ﾎｳﾚﾝ草ﾅﾑﾙ,Spinach nutmeg,11,2017-03-17,2099-12-31
M000062292,ぜんまいﾅﾑﾙ,Mainspring name,11,2017-03-17,2099-12-31
M000062293,ｾﾝﾅﾑﾙ,Senamul,11,2017-03-17,2099-12-31
M000062294,人参ﾅﾑﾙ,Carrot nuts,11,2017-03-17,2099-12-31
M000062295,韓国風冷奴,Korean-style cold tofu,10,2017-03-17,2022-10-27
M000062296,屋台風石焼もろこし,Stall-style stone-grilled sorghum,10,2017-03-17,2022-10-27
M000062297,おつまみ塩ｷｬﾍﾞﾂ,Snack salt cabbage,10,2017-03-17,2099-12-31
M000062300,ﾐﾆﾋﾞﾋﾞﾝﾊﾞ,Minibibimbap,16,2017-03-17,2099-12-31
M000062301,ﾐﾆﾋﾞﾋﾞﾝﾊﾞ･大盛,Mini bibimbap/large serving,16,2017-03-17,2099-12-31
M000062302,ﾐﾆﾋﾞﾋﾞﾝﾊﾞ,Mini Bibimbap,7,2017-03-17,2022-10-27
M000062303,ﾋﾞﾋﾞﾝﾊﾞ,Bibimbap,7,2017-03-17,2022-10-27
M000062304,ﾐﾆ石焼ﾋﾞﾋﾞﾝﾊﾞ,Mini Stone-grilled bibimbap,7,2017-03-17,2022-10-27
M000062305,石焼ﾋﾞﾋﾞﾝﾊﾞ,Stone-grilled bibimbap,7,2017-03-17,2022-10-27
M000062312,THﾅﾑﾙ盛合せ,TH Assorted Namuru,42,2017-03-17,2022-10-27
M000062314,Vﾁｮﾚｷﾞｻﾗﾀﾞ,V Choregi salad,42,2017-03-17,2022-10-27
M000062316,Pおつまみ塩ｷｬﾍﾞﾂ,PSalted cabbage snack,42,2017-03-17,2099-12-31
M000062317,THﾋﾞﾋﾞﾝﾊﾞ,TH Bibimbap,42,2017-03-17,2022-10-27
M000062319,TH石焼ﾋﾞﾋﾞﾝﾊﾞ,TH Stone-grilled bibimbap,42,2017-03-17,2022-10-27
M000062321,THﾆﾝﾆｸ焼,TH Grilled garlic,42,2017-03-17,2022-10-27
M000062322,THｲｲﾀﾞｺくるりん焼,TH Idako Kururinyaki,42,2017-03-17,2022-10-27
M000062323,Sｴﾘﾝｷﾞ焼,S Eringiyaki,42,2017-03-17,2022-11-23
M000062324,ﾐﾆｻﾗﾀﾞ,Mini salad,16,2017-03-17,2099-12-31
M000062325,ｷﾑﾁ&ﾐﾆｻﾗﾀﾞ,Kimchi & Mini Sarada,16,2017-03-17,2099-12-31
M000062326,ﾐﾆﾋﾞﾋﾞﾝﾊﾞ,Minibibimbap,1,2017-03-17,2022-09-30
M000062327,ﾐﾆBB･大盛0,Mini BB/large size 0,1,2017-03-17,2022-10-27
M000062329,Vねぎ塩冷奴,V Green onion salt cold tofu,42,2017-03-17,2022-10-27
M000062358,おもちゃ・男,Toy/Man,1,2017-04-01,2099-12-31
M000062359,おもちゃ・女,Toy/Female,1,2017-04-01,2099-12-31
M000062362,本日の和牛かいのみ,Today's Wagyu beef shellfish,15,2017-05-16,2099-12-31
M000062363,本日の和牛なかばら,Today's wagyu beef ribs,15,2017-05-16,2099-12-31
M000062369,宝4等ｿﾌﾄﾄﾞﾘﾝｸ・,Treasure 4th prize Soft drink,5,2017-05-16,2099-12-31
M000062370,宝4等ﾄﾞﾘﾝｸﾊﾞｰ,Treasure 4th prize Drink bar,40,2017-05-16,2099-12-31
M000062371,宝4等ｿﾌﾄﾄﾞﾘﾝｸ,Treasure 4th prize Soft drink,5,2017-05-16,2099-12-31
M000062381,黄身醤油,yolk soy sauce,1,2017-05-19,2099-12-31
M000062383,ﾀﾚ入り生卵,Raw egg with sauce,1,2017-05-19,2099-12-31
M000062385,ｿﾌﾄｸﾘｰﾑ1回,Soft cream 1 time,6,2017-05-22,2099-12-31
M000062386,ｿﾌﾄｸﾘｰﾑﾊﾞｰ取り放題,Soft cream bar all you can take,6,2017-05-22,2099-12-31
M000062392,Lｿﾌﾄｸﾘｰﾑ1回,LSoft cream 1 time,6,2017-05-22,2099-12-31
M000062393,ﾊｽﾞﾚｿﾌﾄｸﾘｰﾑ1回,Bustle Soft cream 1 time,6,2017-05-22,2022-10-27
M000062394,Pｿﾌﾄｸﾘｰﾑ1回,PSoft cream 1 time,42,2017-05-22,2099-12-31
M000062395,Vｿﾌﾄｸﾘｰﾑ食べ放題,V Soft cream all you can eat,42,2017-05-22,2099-12-31
M000062403,冷麺,Cold noodle,13,2017-06-01,2099-12-31
M000062404,ﾐﾆ冷麺,Mini Cold noodles,13,2017-06-01,2099-12-31
M000062407,ﾈｷﾞﾁｬｰｼｭｰ,Negicharshu,10,2017-06-01,2099-12-31
M000062413,石焼ｽﾃｰｷﾋﾞﾋﾞﾝﾊﾞ,Stone-grilled steak bibimbap,7,2017-06-01,2022-10-27
M000062415,父の日ｿﾌﾄﾄﾞﾘﾝｸ,Father's DaySoft drink,5,2017-06-01,2099-12-31
M000062416,父の日ﾄﾞﾘﾝｸﾊﾞｰ,Father's Day Drink Bar,40,2017-06-01,2099-12-31
M000062436,増し増し塩ｷｬﾍﾞﾂ,Extra salt cabbage,9,2017-06-16,2022-10-27
M000062438,豚足ﾊｰﾌ,Half pork trotter,10,2017-06-16,2022-10-27
M000062439,ﾀｺﾁｬﾝｼﾞｬ,Takochanja,10,2017-06-16,2022-10-27
M000062440,ﾛｰｽﾄﾋﾞｰﾌ,roast beef,10,2017-06-16,2022-10-27
M000062441,ねぎ塩冷奴,Green onion salt cold tofu,10,2017-06-16,2022-10-27
M000062458,Vおまかせｻﾗﾀﾞ,V Omakase salad,9,2017-07-17,2022-10-27
M000062468,中落ちｶﾙﾋﾞ,Mid-sized ribs,15,2017-07-17,2099-12-31
M000062470,ﾌｧﾐﾘｰﾛｰｽ,Family rose,15,2017-07-17,2099-12-31
M000062490,Fｶﾙﾋﾞ100,F Calbi 100,1,2017-07-17,2099-12-31
M000062491,Fﾛｰｽ100,F rose 100,1,2017-07-17,2099-12-31
M000062495,Fｶﾙﾋﾞ+50,F Calbi+50,1,2017-07-17,2022-09-30
M000062496,Fﾛｰｽ+50,F rose +50,1,2017-07-17,2022-09-30
M000062497,旨ﾊﾗﾐ+50,Delicious Harami +50,1,2017-07-17,2022-09-30
M000062499,わさび醤油,Wasabi soy sauce,1,2017-07-25,2099-12-31
M000062506,野菜のｽｰﾌﾟ,vegetable soup,8,2017-07-25,2099-12-31
M000062507,野菜のｸｯﾊﾟ,vegetable cuppa,7,2017-07-25,2099-12-31
M000062508,ﾐﾆ野菜のｸｯﾊﾟ,Mini Vegetable cuppa,7,2017-07-25,2099-12-31
M000062509,野菜ｽｰﾌﾟうどん,Vegetable soup udon,13,2017-07-25,2099-12-31
M000062510,ﾐﾆ野菜ｽｰﾌﾟうどん,Mini Vegetable soup udon,13,2017-07-25,2099-12-31
M000062511,ﾕｯｹｼﾞｬﾝｽｰﾌﾟ,Yukkejian soup,8,2017-07-25,2099-12-31
M000062512,ﾐﾆﾕｯｹｼﾞｬﾝｽｰﾌﾟ,Mini Yukkejian soup,8,2017-07-25,2099-12-31
M000062513,ﾕｯｹｼﾞｬﾝｸｯﾊﾟ,Yukejung cuppa,7,2017-07-25,2099-12-31
M000062514,ﾐﾆﾕｯｹｼﾞｬﾝｸｯﾊﾟ,Mini Yukejung Cuppa,7,2017-07-25,2099-12-31
M000062515,ﾕｯｹｼﾞｬﾝうどん,Yukkajang udon,13,2017-07-25,2099-12-31
M000062516,ﾐﾆﾕｯｹｼﾞｬﾝうどん,Mini Yukkejian Udon,13,2017-07-25,2099-12-31
M000062517,ｶﾙﾋﾞｽｰﾌﾟ,Calbi soup,8,2017-07-25,2099-12-31
M000062518,ﾐﾆｶﾙﾋﾞｽｰﾌﾟ,Mini Calbis soup,8,2017-07-25,2099-12-31
M000062519,ｶﾙﾋﾞｸｯﾊﾟ,Kalbikuppa,7,2017-07-25,2099-12-31
M000062520,ﾐﾆｶﾙﾋﾞｸｯﾊﾟ,Mini Kalbikuppa,7,2017-07-25,2099-12-31
M000062521,ｶﾙﾋﾞうどん,Kalbi udon,13,2017-07-25,2099-12-31
M000062522,ﾐﾆｶﾙﾋﾞうどん,Mini Kalbi udon,13,2017-07-25,2099-12-31
M000062539,子ｸｯﾊﾟ,Child Cuppa,17,2017-08-09,2099-12-31
M000062540,子うどん,Children Udon,17,2017-08-09,2099-12-31
M000062541,ﾀﾚあり,With sauce,1,2017-08-09,2099-12-31
M000062542,ﾀﾚなし,No sauce,1,2017-08-09,2099-12-31
M000062581,ﾕｯｹｼﾞｬﾝｽｰﾌﾟ,Yuckejan soup,1,2017-09-01,2099-12-31
M000062591,Pｿﾌﾄﾄﾞﾘﾝｸ飲み放題,P All-you-can-drink soft drinks,42,2017-09-18,2099-12-31
M000062595,山盛りﾎﾟﾃﾄﾌﾗｲ,Heaping portion of fried potatoes,10,2017-09-22,2022-10-27
M000062601,Lいちごﾐﾙｸ,L Strawberry milk,6,2017-09-26,2099-12-31
M000062602,Vいちごﾐﾙｸ,V Strawberry milk,42,2017-09-26,2099-12-31
M000062630,C1.5倍ﾌｧﾐﾘｰｶﾙﾋﾞ,C 1.5x Family Calbi,15,2017-10-28,2099-12-31
M000062632,C1.5倍中落ちｶﾙﾋﾞ,C 1.5x Medium-falling ribs,15,2017-10-28,2099-12-31
M000062633,C1.5倍ﾌｧﾐﾘｰﾛｰｽ,C 1.5x Family rose,15,2017-10-28,2099-12-31
M000062634,C1.5倍豚とんとろ,C 1.5x Pork Tontoro,15,2017-10-28,2023-02-07
M000062635,C1.5倍牛ﾎﾙﾓﾝ,C 1.5x Beef hormon,15,2017-10-28,2099-12-31
M000062636,L替大盛rice0円,L replacement large rice 0 yen,16,2017-10-28,2099-12-31
M000062647,THﾁｰｽﾞﾌｫﾝﾃﾞｭ,TH Cheese fondue,42,2017-10-25,2099-12-31
M000062650,牛ﾊﾗﾐ150,Beef Harami 150,1,2017-10-28,2099-12-31
M000062651,旨ﾊﾗﾐ100,100 pieces of delicious harami,1,2017-10-28,2099-12-31
M000062657,Fｶﾙﾋﾞ150,F Calbi 150,1,2017-11-15,2099-12-31
M000062658,Fﾛｰｽ150,F rose 150,1,2017-11-15,2099-12-31
M000062659,旨ﾊﾗﾐ150,150 pieces of yam,1,2017-11-15,2099-12-31
M000062660,Fｶﾙﾋﾞ150,F Calbi 150,1,2017-11-15,2099-12-31
M000062661,Fｶﾙﾋﾞ200,F Calbi 200,1,2017-11-15,2099-12-31
M000062662,牛ﾊﾗﾐ100,Beef Harami 100,1,2017-11-15,2099-12-31
M000062676,おもちゃ,toy,1,2017-11-22,2099-12-31
M000062677,ﾁｰｽﾞｶﾙﾋﾞ,Cheese ribs,15,2017-11-27,2099-12-31
M000062690,ｿﾌﾄｸﾘｰﾑ,Soft cream,6,2017-12-01,2099-12-31
M000062691,ｲﾁｺﾞｿﾌﾄ,Ichigo soft,6,2017-12-01,2099-12-31
M000062692,ﾁｮｺｿﾌﾄ,Chocolate soft,6,2017-12-01,2099-12-31
M000062693,和風ｿﾌﾄ,Japanese style soft,6,2017-12-01,2099-12-31
M000062694,ｲﾁｺﾞｿﾌﾄﾊﾟﾌｪ,Strawberry soft parfait,6,2017-12-01,2099-12-31
M000062695,ﾁｮｺｿﾌﾄｻﾝﾃﾞｰ,Chocolate soft sundae,6,2017-12-01,2099-12-31
M000062696,Pｿﾌﾄｸﾘｰﾑ,PSoft cream,42,2017-12-01,2099-12-31
M000062697,Pﾁｮｺｿﾌﾄ,P Chocolate soft,42,2017-12-01,2099-12-31
M000062698,THｲﾁｺﾞｿﾌﾄ,TH Ichigosoft,42,2017-12-01,2099-12-31
M000062699,TH和風ｿﾌﾄ,TH Japanese style soft,42,2017-12-01,2099-12-31
M000062700,つぼ漬け一本中落ちｶﾙﾋﾞ,Tsubozuke pickled ribs,15,2017-12-07,2022-10-27
M000062876,苺ｿｰｽのｱｲｽ石焼ﾌﾞﾘｭﾚ,Strawberry sauce iced stone grilled brulee,6,2018-01-26,2099-12-31
M000062878,ﾁｰｽﾞﾌｫﾝﾃﾞｭ,Cheese fondue,21,2018-01-26,2099-12-31
M000062879,ﾁｰｽﾞ,Cheese,21,2018-01-26,2099-12-31
M000062880,ﾁｰｽﾞ,Cheese,1,2018-01-26,2022-10-27
M000062881,ﾕｯｹｼﾞｬﾝﾗｰﾒﾝ,Yukkejan Ramen,13,2018-01-26,2099-12-31
M000063185,ﾊﾟﾊﾟﾏﾏﾊﾞﾆﾗｼｭｰｱｲｽ,Papamama vanilla ice cream,6,2018-02-08,2099-12-31
M000063186,ﾊﾟﾊﾟﾏﾏﾁｮｺｼｭｰｱｲｽ,Papamama Chocolate ice cream,6,2018-02-08,2022-10-27
M000063187,ﾊﾟﾊﾟﾏｽﾄﾛﾍﾞﾘｰｼｭｰｱｲｽ,Papama Strawberry ice cream,6,2018-02-08,2022-10-27
M000063195,予約,Reservation,21,2018-02-16,2023-03-15
M000063196,予約ｼﾝﾌﾟﾙP,Reservation Simple P,1,2018-02-16,2099-12-31
M000063197,予約生ﾋﾞｰﾙP,Reservation Draft beer P,1,2018-02-16,2099-12-31
M000063213,石焼ﾁｰｽﾞﾋﾞﾋﾞﾝﾊﾞ,Stone grilled cheese bibimbap,7,2018-04-01,2022-10-27
M000063221,お替りｶﾙﾋﾞ,Extra ribs,15,2018-04-01,2022-10-27
M000063229,L巻き巻きWﾊﾗﾐﾗﾝﾁ,L Makimaki W Harami Ranch,16,2018-04-09,2022-10-27
M000063230,L巻き巻きﾍﾙｼｰﾗﾝﾁ,L Rolled health lunch,16,2018-04-09,2022-10-27
M000063231,L中rice,L Medium rice,16,2018-04-09,2022-10-27
M000063232,L小rice,L Small rice,16,2018-04-09,2022-10-27
M000063233,中rice,medium rice,1,2018-04-09,2022-11-23
M000063234,小rice,small rice,1,2018-04-09,2022-11-23
M000063236,ｽﾊﾟｲｼｰﾋﾞｰﾌｶﾚｰ,Spicy Beef Curry,7,2018-04-19,2099-12-31
M000063241,Sやわらか上ﾛｰｽ,S Soft top roast,42,2018-05-05,2099-12-31
M000063242,Pｻﾝﾁｭ,P Sanchu,42,2018-05-05,2099-12-31
M000063244,Vﾊﾞﾘｭｰｺｰｽ,V Value course,42,2018-05-05,2022-10-27
M000063245,VCﾊﾞﾘｭｰｺｰｽ,VCValue course,42,2018-05-05,2022-10-27
M000063248,Sｽﾍﾟｼｬﾙｺｰｽ,S Special course,42,2018-05-05,2022-10-27
M000063249,SCｽﾍﾟｼｬﾙｺｰｽ,SCSpecial course,42,2018-05-05,2022-10-27
M000063261,ﾐﾆﾋﾞﾋﾞﾝﾊﾞ,Minibibimbap,16,2018-05-15,2099-12-31
M000063262,ﾐﾆBB･大盛0,Mini BB/large size 0,16,2018-05-15,2099-12-31
M000063263,ﾕｯｹｼﾞｬﾝｽｰﾌﾟ,Yuckejan soup,16,2018-05-15,2099-12-31
M000063264,ｽﾀﾝﾀﾞｰﾄﾞﾊﾟｯｸ,Standard pack,4,2018-05-05,2099-12-31
M000063265,ﾌﾟﾚﾐｱﾑﾊﾟｯｸ,Premium pack,4,2018-05-05,2099-12-31
M000063266,ﾋﾞﾋﾞﾝﾊﾞ,Bibimbap,1,2018-05-15,2022-11-23
M000063267,ﾋﾞﾋﾞﾝﾊﾞ･大盛,Bibimbap/large portion,1,2018-05-15,2022-11-23
M000063268,ﾐﾆ石焼ﾋﾞﾋﾞﾝﾊﾞ,Mini Stone-grilled bibimbap,1,2018-05-15,2022-10-27
M000063269,Fｶﾙﾋﾞ,F Calbi,1,2018-05-15,2099-12-31
M000063270,ﾌｧﾐﾘｰﾛｰｽ,Family Rose,1,2018-05-15,2099-12-31
M000063271,中落ちｶﾙﾋﾞ,Nakaochi Calbi,1,2018-05-15,2099-12-31
M000063272,牛ﾎﾙﾓﾝ,Beef hormon,1,2018-05-15,2099-12-31
M000063273,豚ｶﾙﾋﾞ,Pork ribs,1,2018-05-15,2099-12-31
M000063274,豚とんとろ,Pork Tontoro,1,2018-05-15,2099-12-31
M000063275,牛ﾀﾝ,Beef tongue,1,2018-05-15,2099-12-31
M000063276,牛ﾊﾗﾐ,Beef ham,1,2018-05-15,2099-12-31
M000063278,黒毛和牛ｶﾙﾋﾞ,Japanese black beef ribs,1,2018-05-15,2099-12-31
M000063279,上ﾛｰｽ,Top roast,1,2018-05-15,2022-08-04
M000063287,特盛LWｶﾙﾋﾞ250,Special size L W ribs 250,16,2018-05-15,2022-11-23
M000063310,ﾐﾆBB･大盛無料,Mini BB/large size free,1,2018-05-15,2022-10-27
M000063312,幹各種食べ放題ｺｰｽ,Miki Various all-you-can-eat courses,42,2018-05-15,2099-12-31
M000063313,Pﾎﾟﾃﾄﾌﾗｲ,P Potato fries,42,2018-05-15,2099-12-31
M000063314,わさび醤油,wasabi soy sauce,21,2018-05-15,2099-12-31
M000063315,C1.5倍上ﾀﾝ塩,C 1.5x Top tongue salt,15,2018-05-19,2099-12-31
M000063318,C1.5倍牛ﾀﾝ,C 1.5x Beef tongue,15,2018-05-19,2022-06-02
M000063319,C1.5倍やわらか上ﾛｰｽ,C 1.5x Soft top roast,15,2018-05-19,2022-07-31
M000063350,C1.5倍牛ﾚﾊﾞｰ,C 1.5x Beef liver,15,2018-06-29,2099-12-31
M000063351,C1.5倍豚ｶﾙﾋﾞ,C 1.5x Pork ribs,15,2018-06-29,2099-12-31
M000063362,Pﾌｧﾐﾘｰｶﾙﾋﾞ,P Family Calbi,42,2018-07-20,2099-12-31